wavelength_um,R,T,A,R_plus_T_plus_A
1.000000000000000000e+00,8.979998060783702662e-01,6.422420805744408993e-05,1.019359697135722859e-01,1.000000000000000000e+00
1.000250000000000083e+00,8.979694226261434320e-01,6.412212025048058713e-05,1.019664552536060920e-01,1.000000000000000000e+00
1.000499999999999945e+00,8.979335967159919329e-01,6.402003623587959938e-05,1.020023832477721937e-01,1.000000000000000000e+00
1.000750000000000028e+00,8.978923709439105005e-01,6.391795581884314578e-05,1.020437111002706621e-01,1.000000000000000000e+00
1.000999999999999890e+00,8.978457859206004921e-01,6.381587876858159575e-05,1.020903982006309274e-01,1.000000000000000000e+00
1.001249999999999973e+00,8.977938803161878978e-01,6.371380482062955202e-05,1.021424058789914685e-01,1.000000000000000000e+00
1.001500000000000057e+00,8.977366909041890608e-01,6.361173367904075012e-05,1.021996973621318999e-01,1.000000000000000000e+00
1.001749999999999918e+00,8.976742526039358516e-01,6.350966501846841200e-05,1.022622377310456743e-01,1.000000000000000000e+00
1.002000000000000002e+00,8.976065985222536625e-01,6.340759848614314247e-05,1.023299938792602004e-01,1.000000000000000000e+00
1.002250000000000085e+00,8.975337599938429944e-01,6.330553370373550725e-05,1.024029344724532720e-01,1.000000000000000000e+00
1.002499999999999947e+00,8.974557666205467132e-01,6.320347026913248462e-05,1.024810299091841598e-01,1.000000000000000000e+00
1.002750000000000030e+00,8.973726463096731720e-01,6.310140775812242409e-05,1.025642522825686992e-01,1.000000000000000000e+00
1.002999999999999892e+00,8.972844253111632584e-01,6.299934572598935207e-05,1.026525753431107579e-01,1.000000000000000000e+00
1.003249999999999975e+00,8.971911282535854903e-01,6.289728370902799540e-05,1.027459744627054750e-01,1.000000000000000000e+00
1.003500000000000059e+00,8.970927781794307831e-01,6.279522122599182814e-05,1.028444265993432305e-01,1.000000000000000000e+00
1.003749999999999920e+00,8.969893965789556001e-01,6.269315777945703863e-05,1.029479102632649412e-01,1.000000000000000000e+00
1.004000000000000004e+00,8.968810034233161144e-01,6.259109285713392620e-05,1.030564054838267463e-01,1.000000000000000000e+00
1.004250000000000087e+00,8.967676171966247889e-01,6.248902593310112980e-05,1.031698937774421093e-01,1.000000000000000000e+00
1.004499999999999948e+00,8.966492549269718948e-01,6.238695646900387472e-05,1.032883581165591064e-01,1.000000000000000000e+00
1.004750000000000032e+00,8.965259322165601841e-01,6.228488391517242198e-05,1.034117828995246430e-01,1.000000000000000000e+00
1.004999999999999893e+00,8.963976632708843262e-01,6.218280771171993146e-05,1.035401539214039490e-01,1.000000000000000000e+00
1.005249999999999977e+00,8.962644609269830864e-01,6.208072728955864393e-05,1.036734583457273595e-01,1.000000000000000000e+00
1.005500000000000060e+00,8.961263366808149833e-01,6.197864207141466717e-05,1.038116846771136026e-01,1.000000000000000000e+00
1.005749999999999922e+00,8.959833007136488447e-01,6.187655147276636654e-05,1.039548227348783827e-01,1.000000000000000000e+00
1.006000000000000005e+00,8.958353619178310856e-01,6.177445490276788835e-05,1.041028636272661456e-01,1.000000000000000000e+00
1.006250000000000089e+00,8.956825279214420954e-01,6.167235176513962867e-05,1.042557997267927611e-01,1.000000000000000000e+00
1.006499999999999950e+00,8.955248051123334552e-01,6.157024145901395169e-05,1.044136246462075285e-01,1.000000000000000000e+00
1.006750000000000034e+00,8.953621986612003703e-01,6.146812337976675922e-05,1.045763332154198699e-01,1.000000000000000000e+00
1.006999999999999895e+00,8.951947125441090947e-01,6.136599691982331042e-05,1.047439214589710871e-01,1.000000000000000000e+00
1.007249999999999979e+00,8.950223495639728633e-01,6.126386146943661119e-05,1.049163865745576935e-01,1.000000000000000000e+00
1.007500000000000062e+00,8.948451113715358840e-01,6.116171641744872736e-05,1.050937269120466727e-01,1.000000000000000000e+00
1.007749999999999924e+00,8.946629984856189211e-01,6.105956115203877582e-05,1.052759419532290353e-01,1.000000000000000000e+00
1.008000000000000007e+00,8.944760103123641226e-01,6.095739506144555198e-05,1.054630322925744351e-01,1.000000000000000000e+00
1.008250000000000091e+00,8.942841451642875583e-01,6.085521753469532087e-05,1.056549996181777445e-01,1.000000000000000000e+00
1.008499999999999952e+00,8.940874002783312235e-01,6.075302796230082255e-05,1.058518466937064806e-01,1.000000000000000000e+00
1.008750000000000036e+00,8.938857718333388380e-01,6.065082573696573931e-05,1.060535773409242016e-01,1.000000000000000000e+00
1.008999999999999897e+00,8.936792549670496966e-01,6.054861025427447858e-05,1.062601964226960322e-01,1.000000000000000000e+00
1.009249999999999980e+00,8.934678437922974892e-01,6.044638091338302662e-05,1.064717098267891210e-01,1.000000000000000000e+00
1.009500000000000064e+00,8.932515314128320894e-01,6.034413711770360858e-05,1.066881244500502007e-01,1.000000000000000000e+00
1.009749999999999925e+00,8.930303099383786192e-01,6.024187827559123246e-05,1.069094481833457871e-01,1.000000000000000000e+00
1.010000000000000009e+00,8.928041704993874284e-01,6.013960380103229299e-05,1.071356898968115340e-01,1.000000000000000000e+00
1.010250000000000092e+00,8.925731032610360050e-01,6.003731311433615711e-05,1.073668594258496561e-01,1.000000000000000000e+00
1.010499999999999954e+00,8.923370974369235764e-01,5.993500564283153347e-05,1.076029675574335931e-01,1.000000000000000000e+00
1.010750000000000037e+00,8.920961413020811470e-01,5.983268082156372283e-05,1.078440260170972914e-01,1.000000000000000000e+00
1.010999999999999899e+00,8.918502222057163031e-01,5.973033809400636292e-05,1.080900474561896918e-01,1.000000000000000000e+00
1.011249999999999982e+00,8.915993265834327719e-01,5.962797691279814383e-05,1.083410454396544348e-01,1.000000000000000000e+00
1.011500000000000066e+00,8.913434399688906495e-01,5.952559674044612993e-05,1.085970344343689109e-01,1.000000000000000000e+00
1.011749999999999927e+00,8.910825470052624597e-01,5.942319705009713583e-05,1.088580297976874389e-01,1.000000000000000000e+00
1.012000000000000011e+00,8.908166314561619670e-01,5.932077732628629349e-05,1.091240477665117448e-01,1.000000000000000000e+00
1.012250000000000094e+00,8.905456762162682338e-01,5.921833706572023239e-05,1.093951054466660439e-01,1.000000000000000000e+00
1.012499999999999956e+00,8.902696633214801647e-01,5.911587577806382406e-05,1.096712208027417756e-01,1.000000000000000000e+00
1.012750000000000039e+00,8.899885739587911626e-01,5.901339298676409444e-05,1.099524126482220726e-01,1.000000000000000000e+00
1.012999999999999901e+00,8.897023884758871182e-01,5.891088822987779541e-05,1.102387006358830079e-01,1.000000000000000000e+00
1.013249999999999984e+00,8.894110863902991992e-01,5.880836106094293388e-05,1.105301052486398622e-01,1.000000000000000000e+00
1.013500000000000068e+00,8.891146463983401471e-01,5.870581104984527976e-05,1.108266477906100084e-01,1.000000000000000000e+00
1.013749999999999929e+00,8.888130463838397333e-01,5.860323778374623292e-05,1.111283503783765253e-01,1.000000000000000000e+00
1.014000000000000012e+00,8.885062634263136694e-01,5.850064086800331090e-05,1.114352359328183301e-01,1.000000000000000000e+00
1.014250000000000096e+00,8.881942738092203360e-01,5.839801992714374883e-05,1.117473281708525196e-01,1.000000000000000000e+00
1.014499999999999957e+00,8.878770530278849993e-01,5.829537460587259066e-05,1.120646515975091267e-01,1.000000000000000000e+00
1.014750000000000041e+00,8.875545757968995586e-01,5.819270457007575911e-05,1.123872314985303600e-01,1.000000000000000000e+00
1.014999999999999902e+00,8.872268160578534735e-01,5.809000950791338546e-05,1.127150939326386075e-01,1.000000000000000000e+00
1.015249999999999986e+00,8.868937469863301670e-01,5.798728913090273106e-05,1.130482657245389239e-01,1.000000000000000000e+00
1.015500000000000069e+00,8.865553409991784317e-01,5.788454317506582203e-05,1.133867744576464998e-01,1.000000000000000000e+00
1.015749999999999931e+00,8.862115697611496756e-01,5.778177140209659972e-05,1.137306484674482226e-01,1.000000000000000000e+00
1.016000000000000014e+00,8.858624041918651271e-01,5.767897360059378735e-05,1.140799168345342784e-01,1.000000000000000000e+00
1.016250000000000098e+00,8.855078144723399491e-01,5.757614958731812401e-05,1.144346093780727325e-01,1.000000000000000000e+00
1.016499999999999959e+00,8.851477700513225022e-01,5.747329920849302107e-05,1.147947566494690042e-01,1.000000000000000000e+00
1.016750000000000043e+00,8.847822396518436605e-01,5.737042234117386208e-05,1.151603899258151625e-01,1.000000000000000000e+00
1.016999999999999904e+00,8.844111912774154094e-01,5.726751889465039793e-05,1.155315412036899414e-01,1.000000000000000000e+00
1.017249999999999988e+00,8.840345922180909977e-01,5.716458881188937275e-05,1.159082431930971158e-01,1.000000000000000000e+00
1.017500000000000071e+00,8.836524090567210443e-01,5.706163207105915605e-05,1.162905293112078964e-01,1.000000000000000000e+00
1.017749999999999932e+00,8.832646076749410824e-01,5.695864868709056024e-05,1.166784336763718316e-01,1.000000000000000000e+00
1.018000000000000016e+00,8.828711532591742017e-01,5.685563871330279824e-05,1.170719911021124993e-01,1.000000000000000000e+00
1.018250000000000099e+00,8.824720103066628907e-01,5.675260224308502008e-05,1.174712370910940273e-01,1.000000000000000000e+00
1.018499999999999961e+00,8.820671426312942653e-01,5.664953941163598306e-05,1.178762078292941023e-01,1.000000000000000000e+00
1.018750000000000044e+00,8.816565133697666923e-01,5.654645039778765270e-05,1.182869401798355147e-01,1.000000000000000000e+00
1.018999999999999906e+00,8.812400849874064690e-01,5.644333542588113675e-05,1.187034716771676462e-01,1.000000000000000000e+00
1.019249999999999989e+00,8.808178192842832654e-01,5.634019476770727835e-05,1.191258405209490306e-01,1.000000000000000000e+00
1.019500000000000073e+00,8.803896774011498172e-01,5.623702874452884216e-05,1.195540855701056476e-01,1.000000000000000000e+00
1.019749999999999934e+00,8.799556198256889283e-01,5.613383772919546753e-05,1.199882463365818802e-01,1.000000000000000000e+00
1.020000000000000018e+00,8.795156063986347972e-01,5.603062214829880491e-05,1.204283629792168991e-01,1.000000000000000000e+00
1.020249999999999879e+00,8.790695963200194640e-01,5.592738248443131558e-05,1.208744762974961057e-01,1.000000000000000000e+00
1.020499999999999963e+00,8.786175481556052214e-01,5.582411927853821106e-05,1.213266277251162373e-01,1.000000000000000000e+00
1.020750000000000046e+00,8.781594198433532172e-01,5.572083313232839352e-05,1.217848593235144605e-01,1.000000000000000000e+00
1.020999999999999908e+00,8.776951687001637303e-01,5.561752471081086541e-05,1.222492137751254593e-01,1.000000000000000000e+00
1.021249999999999991e+00,8.772247514284783332e-01,5.551419474488319440e-05,1.227197343767767873e-01,1.000000000000000000e+00
1.021500000000000075e+00,8.767481241235312028e-01,5.541084403405969132e-05,1.231964650324347404e-01,1.000000000000000000e+00
1.021749999999999936e+00,8.762652422801684438e-01,5.530747344925857545e-05,1.236794502463822998e-01,1.000000000000000000e+00
1.022000000000000020e+00,8.757760608005320524e-01,5.520408393572871048e-05,1.241687351155322250e-01,1.000000000000000000e+00
1.022249999999999881e+00,8.752805340015097357e-01,5.510067651605723564e-05,1.246643653219742104e-01,1.000000000000000000e+00
1.022499999999999964e+00,8.747786156226106113e-01,5.499725229330164951e-05,1.251663871250960902e-01,1.000000000000000000e+00
1.022750000000000048e+00,8.742702588340193204e-01,5.489381245422320587e-05,1.256748473535264643e-01,1.000000000000000000e+00
1.022999999999999909e+00,8.737554162451168782e-01,5.479035827265735941e-05,1.261897933966104612e-01,1.000000000000000000e+00
1.023249999999999993e+00,8.732340399131657271e-01,5.468689111298745469e-05,1.267112731957212857e-01,1.000000000000000000e+00
1.023500000000000076e+00,8.727060813523179750e-01,5.458341243376188198e-05,1.272393352352482743e-01,1.000000000000000000e+00
1.023749999999999938e+00,8.721714915429690240e-01,5.447992379140498970e-05,1.277740285332395753e-01,1.000000000000000000e+00
1.024000000000000021e+00,8.716302209417796654e-01,5.437642684412339700e-05,1.283154026313762242e-01,1.000000000000000000e+00
1.024249999999999883e+00,8.710822194916529870e-01,5.427292335589271362e-05,1.288635075849911271e-01,1.000000000000000000e+00
1.024499999999999966e+00,8.705274366324305957e-01,5.416941520060085234e-05,1.294183939523688154e-01,1.000000000000000000e+00
1.024750000000000050e+00,8.699658213120475825e-01,5.406590436637402955e-05,1.299801127835860381e-01,1.000000000000000000e+00
1.024999999999999911e+00,8.693973219981093736e-01,5.396239295999620371e-05,1.305487156089306378e-01,1.000000000000000000e+00
1.025249999999999995e+00,8.688218866899204418e-01,5.385888321152720057e-05,1.311242544268680366e-01,1.000000000000000000e+00
1.025500000000000078e+00,8.682394629313254786e-01,5.375537747906989597e-05,1.317067816911954570e-01,1.000000000000000000e+00
1.025749999999999940e+00,8.676499978238001454e-01,5.365187825368745891e-05,1.322963502979461747e-01,1.000000000000000000e+00
1.026000000000000023e+00,8.670534380404215646e-01,5.354838816450393325e-05,1.328930135714139205e-01,1.000000000000000000e+00
1.026249999999999885e+00,8.664497298403776027e-01,5.344490998398693146e-05,1.334968252496384067e-01,1.000000000000000000e+00
1.026499999999999968e+00,8.658388190842867260e-01,5.334144663338429189e-05,1.341078394690798925e-01,1.000000000000000000e+00
1.026750000000000052e+00,8.652206512499914792e-01,5.323800118836071713e-05,1.347261107488201548e-01,1.000000000000000000e+00
1.026999999999999913e+00,8.645951714495317963e-01,5.313457688481920102e-05,1.353516939735833757e-01,1.000000000000000000e+00
1.027249999999999996e+00,8.639623244465841623e-01,5.303117712491883188e-05,1.359846443762909307e-01,1.000000000000000000e+00
1.027500000000000080e+00,8.633220546749540425e-01,5.292780548327901741e-05,1.366250175195626859e-01,1.000000000000000000e+00
1.027749999999999941e+00,8.626743062579247390e-01,5.282446571339621333e-05,1.372728692763618696e-01,1.000000000000000000e+00
1.028000000000000025e+00,8.620190230285886823e-01,5.272116175425861368e-05,1.379282558096570632e-01,1.000000000000000000e+00
1.028249999999999886e+00,8.613561485512786220e-01,5.261789773718740558e-05,1.385912335509841831e-01,1.000000000000000000e+00
1.028499999999999970e+00,8.606856261438595723e-01,5.251467799286889095e-05,1.392618591781475679e-01,1.000000000000000000e+00
1.028750000000000053e+00,8.600073989013750086e-01,5.241150705863491086e-05,1.399401895915663441e-01,1.000000000000000000e+00
1.028999999999999915e+00,8.593214097208019542e-01,5.230838968594123172e-05,1.406262818895120947e-01,1.000000000000000000e+00
1.029249999999999998e+00,8.586276013269824592e-01,5.220533084809393578e-05,1.413201933421694423e-01,1.000000000000000000e+00
1.029500000000000082e+00,8.579259163000246824e-01,5.210233574819984187e-05,1.420219813642271123e-01,1.000000000000000000e+00
1.029749999999999943e+00,8.572162971040164781e-01,5.199940982736064789e-05,1.427317034861561584e-01,1.000000000000000000e+00
1.030000000000000027e+00,8.564986861170853505e-01,5.189655877308850805e-05,1.434494173241415704e-01,1.000000000000000000e+00
1.030249999999999888e+00,8.557730256633243604e-01,5.179378852799489688e-05,1.441751805481476523e-01,1.000000000000000000e+00
1.030499999999999972e+00,8.550392580458977543e-01,5.169110529869275607e-05,1.449090508488035667e-01,1.000000000000000000e+00
1.030750000000000055e+00,8.542973255821816325e-01,5.158851556498914655e-05,1.456510859022533688e-01,1.000000000000000000e+00
1.030999999999999917e+00,8.535471706405606263e-01,5.148602608928565401e-05,1.464013433333500869e-01,1.000000000000000000e+00
1.031250000000000000e+00,8.527887356788702578e-01,5.138364392625641798e-05,1.471598806772034806e-01,1.000000000000000000e+00
1.031500000000000083e+00,8.520219632853921476e-01,5.128137643280072824e-05,1.479267553381750644e-01,1.000000000000000000e+00
1.031749999999999945e+00,8.512467962212378891e-01,5.117923127822007154e-05,1.487020245474838798e-01,1.000000000000000000e+00
1.032000000000000028e+00,8.504631774652274823e-01,5.107721645466927130e-05,1.494857453183178475e-01,1.000000000000000000e+00
1.032249999999999890e+00,8.496710502609113869e-01,5.097534028786836441e-05,1.502779743988007510e-01,1.000000000000000000e+00
1.032499999999999973e+00,8.488703581661495301e-01,5.087361144808530498e-05,1.510787682224023765e-01,1.000000000000000000e+00
1.032750000000000057e+00,8.480610451048234966e-01,5.077203896135213746e-05,1.518881828562151648e-01,1.000000000000000000e+00
1.032999999999999918e+00,8.472430554213769005e-01,5.067063222096395678e-05,1.527062739464021268e-01,1.000000000000000000e+00
1.033250000000000002e+00,8.464163339379625617e-01,5.056940099922131254e-05,1.535330966610382042e-01,1.000000000000000000e+00
1.033500000000000085e+00,8.455808260144043187e-01,5.046835545942853239e-05,1.543687056301362437e-01,1.000000000000000000e+00
1.033749999999999947e+00,8.447364776111359053e-01,5.036750616815828470e-05,1.552131548826959362e-01,1.000000000000000000e+00
1.034000000000000030e+00,8.438832353551849463e-01,5.026686410773430994e-05,1.560664977807073306e-01,1.000000000000000000e+00
1.034249999999999892e+00,8.430210466094020250e-01,5.016644068899641046e-05,1.569287869499089716e-01,1.000000000000000000e+00
1.034499999999999975e+00,8.421498595448040358e-01,5.006624776424665113e-05,1.578000742074317231e-01,1.000000000000000000e+00
1.034750000000000059e+00,8.412696232168207500e-01,4.996629764049464393e-05,1.586804104855387421e-01,1.000000000000000000e+00
1.034999999999999920e+00,8.403802876447579173e-01,4.986660309286892556e-05,1.595698457521492197e-01,1.000000000000000000e+00
1.035250000000000004e+00,8.394818038952166495e-01,4.976717737826395245e-05,1.604684289274050935e-01,1.000000000000000000e+00
1.035499999999999865e+00,8.385741241694096848e-01,4.966803424919674664e-05,1.613762077963411257e-01,1.000000000000000000e+00
1.035749999999999948e+00,8.376572018945571685e-01,4.956918796784881825e-05,1.622932289174749965e-01,1.000000000000000000e+00
1.036000000000000032e+00,8.367309918194723029e-01,4.947065332029448940e-05,1.632195375272074145e-01,1.000000000000000000e+00
1.036249999999999893e+00,8.357954501144928550e-01,4.937244563087652056e-05,1.641551774398762598e-01,1.000000000000000000e+00
1.036499999999999977e+00,8.348505344761306679e-01,4.927458077677378972e-05,1.651001909430925563e-01,1.000000000000000000e+00
1.036750000000000060e+00,8.338962042363848859e-01,4.917707520266884020e-05,1.660546186884124531e-01,1.000000000000000000e+00
1.036999999999999922e+00,8.329324204766558326e-01,4.907994593554772819e-05,1.670184995774086079e-01,1.000000000000000000e+00
1.037250000000000005e+00,8.319591461471842475e-01,4.898321059960375717e-05,1.679918706422161567e-01,1.000000000000000000e+00
1.037500000000000089e+00,8.309763461914430049e-01,4.888688743120859554e-05,1.689747669211257852e-01,1.000000000000000000e+00
1.037749999999999950e+00,8.299839876759298463e-01,4.879099529395393512e-05,1.699672213287762024e-01,1.000000000000000000e+00
1.038000000000000034e+00,8.289820399256248029e-01,4.869555369370950080e-05,1.709692645206814798e-01,1.000000000000000000e+00
1.038249999999999895e+00,8.279704746652095659e-01,4.860058279369478207e-05,1.719809247519967499e-01,1.000000000000000000e+00
1.038499999999999979e+00,8.269492661661200783e-01,4.850610342952422203e-05,1.730022277304504030e-01,1.000000000000000000e+00
1.038750000000000062e+00,8.259183913999000870e-01,4.841213712420932278e-05,1.740331964629757144e-01,1.000000000000000000e+00
1.038999999999999924e+00,8.248778301976644745e-01,4.831870610306550378e-05,1.750738510962324690e-01,1.000000000000000000e+00
1.039250000000000007e+00,8.238275654160295280e-01,4.822583330850009766e-05,1.761242087506619813e-01,1.000000000000000000e+00
1.039499999999999869e+00,8.227675831099109383e-01,4.813354241466293027e-05,1.771842833476743873e-01,1.000000000000000000e+00
1.039749999999999952e+00,8.216978727118666725e-01,4.804185784188096824e-05,1.782540854302914479e-01,1.000000000000000000e+00
1.040000000000000036e+00,8.206184272186147766e-01,4.795080477088617540e-05,1.793336219766143436e-01,1.000000000000000000e+00
1.040249999999999897e+00,8.195292433845402513e-01,4.786040915674038876e-05,1.804228962063030017e-01,1.000000000000000000e+00
1.040499999999999980e+00,8.184303219227813120e-01,4.777069774247450060e-05,1.815219073794762106e-01,1.000000000000000000e+00
1.040750000000000064e+00,8.173216677133802177e-01,4.768169807232363960e-05,1.826306505885474663e-01,1.000000000000000000e+00
1.040999999999999925e+00,8.162032900195738128e-01,4.759343850457549516e-05,1.837491165419216088e-01,1.000000000000000000e+00
1.041250000000000009e+00,8.150752027112505571e-01,4.750594822393659864e-05,1.848772913405254958e-01,1.000000000000000000e+00
1.041499999999999870e+00,8.139374244969191929e-01,4.741925725337957663e-05,1.860151562458274288e-01,1.000000000000000000e+00
1.041749999999999954e+00,8.127899791632706705e-01,4.733339646540530785e-05,1.871626874402639307e-01,1.000000000000000000e+00
1.042000000000000037e+00,8.116328958229975798e-01,4.724839759267822136e-05,1.883198557794097394e-01,1.000000000000000000e+00
1.042249999999999899e+00,8.104662091710368443e-01,4.716429323794582492e-05,1.894866265357252055e-01,1.000000000000000000e+00
1.042499999999999982e+00,8.092899597488358854e-01,4.708111688320688111e-05,1.906629591342809127e-01,1.000000000000000000e+00
1.042750000000000066e+00,8.081041942172447756e-01,4.699890289802475119e-05,1.918488068798571977e-01,1.000000000000000000e+00
1.042999999999999927e+00,8.069089656378818365e-01,4.691768654697144584e-05,1.930441166755711979e-01,1.000000000000000000e+00
1.043250000000000011e+00,8.057043337628883029e-01,4.683750399606407947e-05,1.942488287331156360e-01,1.000000000000000000e+00
1.043499999999999872e+00,8.044903653331663129e-01,4.675839231816923181e-05,1.954628762745155290e-01,1.000000000000000000e+00
1.043749999999999956e+00,8.032671343854886903e-01,4.668038949728022034e-05,1.966861852250140208e-01,1.000000000000000000e+00
1.044000000000000039e+00,8.020347225676039971e-01,4.660353443157289700e-05,1.979186738979644422e-01,1.000000000000000000e+00
1.044249999999999901e+00,8.007932194622429112e-01,4.652786693520037550e-05,1.991602526708218801e-01,1.000000000000000000e+00
1.044499999999999984e+00,7.995427229189775442e-01,4.645342773866652540e-05,2.004108236532837761e-01,1.000000000000000000e+00
1.044750000000000068e+00,7.982833393949868572e-01,4.638025848778797727e-05,2.016702803465253435e-01,1.000000000000000000e+00
1.044999999999999929e+00,7.970151843033709271e-01,4.630840174107810552e-05,2.029385072948879931e-01,1.000000000000000000e+00
1.045250000000000012e+00,7.957383823694585967e-01,4.623790096547253419e-05,2.042153797295759299e-01,1.000000000000000000e+00
1.045499999999999874e+00,7.944530679953798469e-01,4.616880053035979760e-05,2.055007632040898036e-01,1.000000000000000000e+00
1.045749999999999957e+00,7.931593856309764323e-01,4.610114569972829468e-05,2.067945132233238448e-01,1.000000000000000000e+00
1.046000000000000041e+00,7.918574901531442167e-01,4.603498262242250298e-05,2.080964748642333551e-01,1.000000000000000000e+00
1.046249999999999902e+00,7.905475472509355672e-01,4.597035832033392319e-05,2.094064823907441086e-01,1.000000000000000000e+00
1.046499999999999986e+00,7.892297338175019439e-01,4.590732067448087192e-05,2.107243588618235852e-01,1.000000000000000000e+00
1.046750000000000069e+00,7.879042383479069045e-01,4.584591840883586478e-05,2.120499157336842577e-01,1.000000000000000000e+00
1.046999999999999931e+00,7.865712613424140631e-01,4.578620107182460080e-05,2.133829524565141189e-01,1.000000000000000000e+00
1.047250000000000014e+00,7.852310157142854408e-01,4.572821901535980985e-05,2.147232560666992029e-01,1.000000000000000000e+00
1.047499999999999876e+00,7.838837272020391378e-01,4.567202337133614940e-05,2.160706007745895330e-01,1.000000000000000000e+00
1.047749999999999959e+00,7.825296347855315027e-01,4.561766602546728797e-05,2.174247475484430425e-01,1.000000000000000000e+00
1.048000000000000043e+00,7.811689911037955625e-01,4.556519958832086134e-05,2.187854436966161220e-01,1.000000000000000000e+00
1.048249999999999904e+00,7.798020628758962625e-01,4.551467736354840803e-05,2.201524224467401869e-01,1.000000000000000000e+00
1.048499999999999988e+00,7.784291313219295905e-01,4.546615331305008220e-05,2.215254025247573588e-01,1.000000000000000000e+00
1.048750000000000071e+00,7.770504925844281541e-01,4.541968201911788491e-05,2.229040877335527193e-01,1.000000000000000000e+00
1.048999999999999932e+00,7.756664581483349030e-01,4.537531864334994476e-05,2.242881665330217489e-01,1.000000000000000000e+00
1.049250000000000016e+00,7.742773552588856356e-01,4.533311888228850218e-05,2.256773116222320630e-01,1.000000000000000000e+00
1.049499999999999877e+00,7.728835273359389024e-01,4.529313891966057338e-05,2.270711795251414422e-01,1.000000000000000000e+00
1.049749999999999961e+00,7.714853343832142052e-01,4.525543537511024440e-05,2.284694101814106759e-01,1.000000000000000000e+00
1.050000000000000044e+00,7.700831533916359106e-01,4.522006524937724871e-05,2.298716265431147154e-01,1.000000000000000000e+00
1.050249999999999906e+00,7.686773787341522057e-01,4.518708586576099348e-05,2.312774341799820332e-01,1.000000000000000000e+00
1.050499999999999989e+00,7.672684225517185652e-01,4.515655480785374468e-05,2.326864208934735778e-01,1.000000000000000000e+00
1.050750000000000073e+00,7.658567151274315865e-01,4.512852985339749115e-05,2.340981563427150247e-01,1.000000000000000000e+00
1.050999999999999934e+00,7.644427052481708174e-01,4.510306890425824685e-05,2.355121916829249207e-01,1.000000000000000000e+00
1.051250000000000018e+00,7.630268605507715129e-01,4.508022991239407705e-05,2.369280592193160895e-01,1.000000000000000000e+00
1.051499999999999879e+00,7.616096678516008911e-01,4.506007080178790010e-05,2.383452720775973144e-01,1.000000000000000000e+00
1.051749999999999963e+00,7.601916334565551603e-01,4.504264938627684838e-05,2.397633238940585498e-01,1.000000000000000000e+00
1.052000000000000046e+00,7.587732834498296386e-01,4.502802328325385464e-05,2.411816885268870947e-01,1.000000000000000000e+00
1.052249999999999908e+00,7.573551639593379958e-01,4.501624982321787575e-05,2.425998197908387777e-01,1.000000000000000000e+00
1.052499999999999991e+00,7.559378413953832254e-01,4.500738595510265995e-05,2.440171512186616598e-01,1.000000000000000000e+00
1.052750000000000075e+00,7.545219026612646207e-01,4.500148814746012828e-05,2.454330958505879234e-01,1.000000000000000000e+00
1.052999999999999936e+00,7.531079553322568287e-01,4.499861228542561983e-05,2.468470460554577361e-01,1.000000000000000000e+00
1.053250000000000020e+00,7.516966278009815650e-01,4.499881356355496282e-05,2.482583733854548669e-01,1.000000000000000000e+00
1.053499999999999881e+00,7.502885693861616190e-01,4.500214637451943248e-05,2.496664284674638690e-01,1.000000000000000000e+00
1.053749999999999964e+00,7.488844504018109527e-01,4.500866419377576435e-05,2.510705409339952787e-01,1.000000000000000000e+00
1.054000000000000048e+00,7.474849621842060143e-01,4.501841946019699260e-05,2.524700193963337891e-01,1.000000000000000000e+00
1.054249999999999909e+00,7.460908170735387479e-01,4.503146345286457574e-05,2.538641514630083917e-01,1.000000000000000000e+00
1.054499999999999993e+00,7.447027483480612720e-01,4.504784616407746988e-05,2.552522038057746245e-01,1.000000000000000000e+00
1.054749999999999854e+00,7.433215101061851904e-01,4.506761616870893150e-05,2.566334222776461282e-01,1.000000000000000000e+00
1.054999999999999938e+00,7.419478770952491198e-01,4.509082049011489316e-05,2.580070320842607901e-01,1.000000000000000000e+00
1.055250000000000021e+00,7.405826444831056232e-01,4.511750446275177213e-05,2.593722380124316440e-01,1.000000000000000000e+00
1.055499999999999883e+00,7.392266275698109457e-01,4.514771159174302913e-05,2.607282247185973012e-01,1.000000000000000000e+00
1.055749999999999966e+00,7.378806614362004579e-01,4.518148340957909654e-05,2.620741570803899467e-01,1.000000000000000000e+00
1.056000000000000050e+00,7.365456005273216533e-01,4.521885933031963008e-05,2.634091806133480040e-01,1.000000000000000000e+00
1.056249999999999911e+00,7.352223181670394236e-01,4.525987650145838999e-05,2.647324219564591297e-01,1.000000000000000000e+00
1.056499999999999995e+00,7.339117060018021110e-01,4.530456965393253734e-05,2.660429894285439301e-01,1.000000000000000000e+00
1.056750000000000078e+00,7.326146733707058489e-01,4.535297095047308738e-05,2.673399736583436659e-01,1.000000000000000000e+00
1.056999999999999940e+00,7.313321466003199767e-01,4.540510983283577515e-05,2.686224482898471599e-01,1.000000000000000000e+00
1.057250000000000023e+00,7.300650682203383424e-01,4.546101286819587920e-05,2.698894707667934822e-01,1.000000000000000000e+00
1.057499999999999885e+00,7.288143961000280724e-01,4.552070359525270279e-05,2.711400831963766689e-01,1.000000000000000000e+00
1.057749999999999968e+00,7.275811025028273704e-01,4.558420237047474381e-05,2.723733132948021329e-01,1.000000000000000000e+00
1.058000000000000052e+00,7.263661730573565123e-01,4.565152621500828125e-05,2.735881754164284918e-01,1.000000000000000000e+00
1.058249999999999913e+00,7.251706056443310011e-01,4.572268866277150970e-05,2.747836716670062351e-01,1.000000000000000000e+00
1.058499999999999996e+00,7.239954091979298179e-01,4.579769961035416856e-05,2.759587931024598539e-01,1.000000000000000000e+00
1.058749999999999858e+00,7.228416024214865399e-01,4.587656516924372001e-05,2.771125210133442152e-01,1.000000000000000000e+00
1.058999999999999941e+00,7.217102124172681821e-01,4.595928752105806039e-05,2.782438282952107711e-01,1.000000000000000000e+00
1.059250000000000025e+00,7.206022732303440925e-01,4.604586477641040357e-05,2.793516809048794958e-01,1.000000000000000000e+00
1.059499999999999886e+00,7.195188243076886536e-01,4.613629083808224850e-05,2.804350394014732406e-01,1.000000000000000000e+00
1.059749999999999970e+00,7.184609088729455584e-01,4.623055526918066138e-05,2.814928605717852417e-01,1.000000000000000000e+00
1.060000000000000053e+00,7.174295722193781977e-01,4.632864316699999931e-05,2.825240991374547983e-01,1.000000000000000000e+00
1.060249999999999915e+00,7.164258599222929069e-01,4.643053504329937336e-05,2.835277095426638194e-01,1.000000000000000000e+00
1.060499999999999998e+00,7.154508159742108964e-01,4.653620671175902069e-05,2.845026478190773589e-01,1.000000000000000000e+00
1.060749999999999860e+00,7.145054808451459794e-01,4.664562918327282246e-05,2.854478735256707478e-01,1.000000000000000000e+00
1.060999999999999943e+00,7.135908894728643093e-01,4.675876856991517769e-05,2.863623517585657807e-01,1.000000000000000000e+00
1.061250000000000027e+00,7.127080691860490091e-01,4.687558599827051860e-05,2.872450552279527392e-01,1.000000000000000000e+00
1.061499999999999888e+00,7.118580375662725279e-01,4.699603753284945006e-05,2.880949663961946405e-01,1.000000000000000000e+00
1.061749999999999972e+00,7.110418002536786908e-01,4.712007411032691407e-05,2.889110796722109686e-01,1.000000000000000000e+00
1.062000000000000055e+00,7.102603487022850492e-01,4.724764148532652463e-05,2.896924036562296134e-01,1.000000000000000000e+00
1.062249999999999917e+00,7.095146578918644087e-01,4.737868018836832951e-05,2.904379634279471989e-01,1.000000000000000000e+00
1.062500000000000000e+00,7.088056840025811489e-01,4.751312549672586928e-05,2.911468028719221279e-01,1.000000000000000000e+00
1.062749999999999861e+00,7.081343620615497825e-01,4.765090741871003658e-05,2.918179870310315116e-01,1.000000000000000000e+00
1.062999999999999945e+00,7.075016035670104175e-01,4.779195069203623380e-05,2.924506044822975381e-01,1.000000000000000000e+00
1.063250000000000028e+00,7.069082941015346622e-01,4.793617479676738207e-05,2.930437697236685790e-01,1.000000000000000000e+00
1.063499999999999890e+00,7.063552909409138714e-01,4.808349398331564467e-05,2.935966255651027979e-01,1.000000000000000000e+00
1.063749999999999973e+00,7.058434206691951429e-01,4.823381731596325091e-05,2.941083455134889113e-01,1.000000000000000000e+00
1.064000000000000057e+00,7.053734768097249530e-01,4.838704873220948688e-05,2.945781361415428234e-01,1.000000000000000000e+00
1.064249999999999918e+00,7.049462174821979898e-01,4.854308711825707233e-05,2.950052394306837411e-01,1.000000000000000000e+00
1.064500000000000002e+00,7.045623630953061767e-01,4.870182640087390697e-05,2.953889350782929468e-01,1.000000000000000000e+00
1.064749999999999863e+00,7.042225940865011191e-01,4.886315565577096322e-05,2.957285427578431047e-01,1.000000000000000000e+00
1.064999999999999947e+00,7.039275487194688319e-01,4.902695923250926792e-05,2.960234243212986338e-01,1.000000000000000000e+00
1.065250000000000030e+00,7.036778209490369695e-01,4.919311689596279354e-05,2.962729859340670902e-01,1.000000000000000000e+00
1.065499999999999892e+00,7.034739583650099215e-01,4.936150398422937399e-05,2.964766801310058653e-01,1.000000000000000000e+00
1.065749999999999975e+00,7.033164602257548914e-01,4.953199158267666965e-05,2.966340077826624122e-01,1.000000000000000000e+00
1.066000000000000059e+00,7.032057755909908447e-01,4.970444671397472065e-05,2.967445199622951724e-01,1.000000000000000000e+00
1.066249999999999920e+00,7.031423015654484354e-01,4.987873254361463405e-05,2.968078197020079245e-01,1.000000000000000000e+00
1.066500000000000004e+00,7.031263816611165174e-01,5.005470860047084720e-05,2.968235636302830049e-01,1.000000000000000000e+00
1.066749999999999865e+00,7.031583042898622571e-01,5.023223101177616497e-05,2.967914634791259942e-01,1.000000000000000000e+00
1.066999999999999948e+00,7.032383013938705574e-01,5.041115275194134039e-05,2.967112874533774924e-01,1.000000000000000000e+00
1.067250000000000032e+00,7.033665472228819437e-01,5.059132390425880575e-05,2.965828614532137752e-01,1.000000000000000000e+00
1.067499999999999893e+00,7.035431572656694055e-01,5.077259193491486298e-05,2.964060701423956723e-01,1.000000000000000000e+00
1.067749999999999977e+00,7.037681873430673418e-01,5.095480197809957104e-05,2.961808578549545712e-01,1.000000000000000000e+00
1.068000000000000060e+00,7.040416328694210080e-01,5.113779713139735000e-05,2.959072293334475967e-01,1.000000000000000000e+00
1.068249999999999922e+00,7.043634282864565943e-01,5.132141876026340258e-05,2.955852502947831639e-01,1.000000000000000000e+00
1.068500000000000005e+00,7.047334466756880467e-01,5.150550681049599795e-05,2.952150478175014636e-01,1.000000000000000000e+00
1.068749999999999867e+00,7.051514995516836581e-01,5.168990012748875973e-05,2.947968105481888479e-01,1.000000000000000000e+00
1.068999999999999950e+00,7.056173368411603475e-01,5.187443678091628390e-05,2.943307887220587560e-01,1.000000000000000000e+00
1.069250000000000034e+00,7.061306470458864615e-01,5.205895439372611308e-05,2.938172939997197863e-01,1.000000000000000000e+00
1.069499999999999895e+00,7.066910575938077921e-01,5.224329047392114208e-05,2.932566991157182779e-01,1.000000000000000000e+00
1.069749999999999979e+00,7.072981353760395828e-01,5.242728274786019127e-05,2.926494373412125705e-01,1.000000000000000000e+00
1.069999999999999840e+00,7.079513874688841968e-01,5.261076949367910919e-05,2.919960017616221037e-01,1.000000000000000000e+00
1.070249999999999924e+00,7.086502620376368133e-01,5.279358987351482799e-05,2.912969443724896523e-01,1.000000000000000000e+00
1.070500000000000007e+00,7.093941494205971976e-01,5.297558426299382766e-05,2.905528749951398204e-01,1.000000000000000000e+00
1.070749999999999869e+00,7.101823833864978619e-01,5.315659457680524803e-05,2.897644600189253072e-01,1.000000000000000000e+00
1.070999999999999952e+00,7.110142425620973317e-01,5.333646458890217891e-05,2.889324209733137860e-01,1.000000000000000000e+00
1.071250000000000036e+00,7.118889520218817379e-01,5.351504024604317725e-05,2.880575329378722294e-01,1.000000000000000000e+00
1.071499999999999897e+00,7.128056850336381700e-01,5.369216997347054721e-05,2.871406227963883562e-01,1.000000000000000000e+00
1.071749999999999980e+00,7.137635649518213610e-01,5.386770497140272397e-05,2.861825673432072392e-01,1.000000000000000000e+00
1.072000000000000064e+00,7.147616672493287693e-01,5.404149950131288362e-05,2.851842912511698969e-01,1.000000000000000000e+00
1.072249999999999925e+00,7.157990216793875815e-01,5.421341116075858139e-05,2.841467649094516768e-01,1.000000000000000000e+00
1.072500000000000009e+00,7.168746145556746940e-01,5.438330114589464987e-05,2.830710021431794288e-01,1.000000000000000000e+00
1.072749999999999870e+00,7.179873911413610088e-01,5.455103450066121868e-05,2.819580578241383528e-01,1.000000000000000000e+00
1.072999999999999954e+00,7.191362581365530193e-01,5.471648035182656176e-05,2.808090253830951566e-01,1.000000000000000000e+00
1.073250000000000037e+00,7.203200862507546098e-01,5.487951212895065753e-05,2.796250342371164321e-01,1.000000000000000000e+00
1.073499999999999899e+00,7.215377128499164128e-01,5.504000776901884183e-05,2.784072471423145734e-01,1.000000000000000000e+00
1.073749999999999982e+00,7.227879446672991204e-01,5.519784990465055694e-05,2.771568574827962261e-01,1.000000000000000000e+00
1.073999999999999844e+00,7.240695605620383057e-01,5.535292603590310525e-05,2.758750865119257711e-01,1.000000000000000000e+00
1.074249999999999927e+00,7.253813143193974522e-01,5.550512868485483683e-05,2.745631805519176960e-01,1.000000000000000000e+00
1.074500000000000011e+00,7.267219374748125071e-01,5.565435553305657400e-05,2.732224081696544293e-01,1.000000000000000000e+00
1.074749999999999872e+00,7.280901421539681673e-01,5.580050954147535938e-05,2.718540573364903734e-01,1.000000000000000000e+00
1.074999999999999956e+00,7.294846239158248036e-01,5.594349905289134733e-05,2.704594325851222836e-01,1.000000000000000000e+00
1.075250000000000039e+00,7.309040645861480945e-01,5.608323787673490281e-05,2.690398521759751471e-01,1.000000000000000000e+00
1.075499999999999901e+00,7.323471350732460028e-01,5.621964535666541064e-05,2.675966452813973162e-01,1.000000000000000000e+00
1.075749999999999984e+00,7.338124981532127000e-01,5.635264642068995753e-05,2.661311492003666235e-01,1.000000000000000000e+00
1.076000000000000068e+00,7.352988112147744726e-01,5.648217161457069773e-05,2.646447066136109472e-01,1.000000000000000000e+00
1.076249999999999929e+00,7.368047289557559942e-01,5.660815711847230308e-05,2.631386628871255073e-01,1.000000000000000000e+00
1.076500000000000012e+00,7.383289060201047027e-01,5.673054474756562642e-05,2.616143634351477121e-01,1.000000000000000000e+00
1.076749999999999874e+00,7.398699995691858655e-01,5.684928193690996599e-05,2.600731511488772463e-01,1.000000000000000000e+00
1.076999999999999957e+00,7.414266717776946125e-01,5.696432171126443851e-05,2.585163639005941261e-01,1.000000000000000000e+00
1.077250000000000041e+00,7.429975922488243345e-01,5.707562264038572726e-05,2.569453321285352643e-01,1.000000000000000000e+00
1.077499999999999902e+00,7.445814403408170801e-01,5.718314878058036250e-05,2.553613765104023603e-01,1.000000000000000000e+00
1.077749999999999986e+00,7.461769074008113289e-01,5.728686960300005535e-05,2.537658057295856806e-01,1.000000000000000000e+00
1.077999999999999847e+00,7.477826988997341440e-01,5.738675990966633642e-05,2.521599143403561727e-01,1.000000000000000000e+00
1.078249999999999931e+00,7.493975364640109715e-01,5.748279973791064324e-05,2.505449807362511438e-01,1.000000000000000000e+00
1.078500000000000014e+00,7.510201598016825741e-01,5.757497425388247180e-05,2.489222652240635492e-01,1.000000000000000000e+00
1.078749999999999876e+00,7.526493285185800186e-01,5.766327363618134076e-05,2.472930082077837988e-01,1.000000000000000000e+00
1.078999999999999959e+00,7.542838238230472614e-01,5.774769295025813611e-05,2.456584284840024890e-01,1.000000000000000000e+00
1.079250000000000043e+00,7.559224501177795874e-01,5.782823201442764493e-05,2.440197216502059951e-01,1.000000000000000000e+00
1.079499999999999904e+00,7.575640364770199753e-01,5.790489525843577783e-05,2.423780586277215765e-01,1.000000000000000000e+00
1.079749999999999988e+00,7.592074380091851094e-01,5.797769157529521065e-05,2.407345842992396068e-01,1.000000000000000000e+00
1.079999999999999849e+00,7.608515371053828913e-01,5.804663416720994896e-05,2.390904162604499117e-01,1.000000000000000000e+00
1.080249999999999932e+00,7.624952445736911111e-01,5.811174038644008382e-05,2.374466436859224427e-01,1.000000000000000000e+00
1.080500000000000016e+00,7.641375006608536191e-01,5.817303157181178839e-05,2.358043263075745577e-01,1.000000000000000000e+00
1.080749999999999877e+00,7.657772759630808723e-01,5.823053288181617747e-05,2.341644935040373132e-01,1.000000000000000000e+00
1.080999999999999961e+00,7.674135722275685634e-01,5.828427312467245503e-05,2.325281434993067553e-01,1.000000000000000000e+00
1.081250000000000044e+00,7.690454230477220543e-01,5.833428458654341868e-05,2.308962426676914037e-01,1.000000000000000000e+00
1.081499999999999906e+00,7.706718944536344873e-01,5.838060285801056220e-05,2.292697249435075024e-01,1.000000000000000000e+00
1.081749999999999989e+00,7.722920854034073246e-01,5.842326666007653359e-05,2.276494913299325906e-01,1.000000000000000000e+00
1.081999999999999851e+00,7.739051281746948119e-01,5.846231766981547140e-05,2.260364095076353719e-01,1.000000000000000000e+00
1.082249999999999934e+00,7.755101886639806930e-01,5.849780034642150755e-05,2.244313135356728883e-01,1.000000000000000000e+00
1.082500000000000018e+00,7.771064665952019945e-01,5.852976175827209694e-05,2.228350036430397363e-01,1.000000000000000000e+00
1.082749999999999879e+00,7.786931956413329914e-01,5.855825141137091294e-05,2.212482461072556306e-01,1.000000000000000000e+00
1.082999999999999963e+00,7.802696434643088264e-01,5.858332107975541895e-05,2.196717732146114266e-01,1.000000000000000000e+00
1.083250000000000046e+00,7.818351116768831321e-01,5.860502463821236075e-05,2.181062832984786426e-01,1.000000000000000000e+00
1.083499999999999908e+00,7.833889357299774758e-01,5.862341789781171694e-05,2.165524408521247168e-01,1.000000000000000000e+00
1.083749999999999991e+00,7.849304847300019317e-01,5.863855844430469137e-05,2.150108767115537500e-01,1.000000000000000000e+00
1.083999999999999853e+00,7.864591611918965164e-01,5.865050548029810377e-05,2.134821883026231937e-01,1.000000000000000000e+00
1.084249999999999936e+00,7.879744007297403430e-01,5.865931967086566735e-05,2.119669399505887952e-01,1.000000000000000000e+00
1.084500000000000020e+00,7.894756716902523452e-01,5.866506299318107365e-05,2.104656632467544752e-01,1.000000000000000000e+00
1.084749999999999881e+00,7.909624747345238571e-01,5.866779859046073370e-05,2.089788574668856869e-01,1.000000000000000000e+00
1.084999999999999964e+00,7.924343423700320743e-01,5.866759063009797015e-05,2.075069900393378408e-01,1.000000000000000000e+00
1.085250000000000048e+00,7.938908384372530547e-01,5.866450416645553828e-05,2.060504970585805007e-01,1.000000000000000000e+00
1.085499999999999909e+00,7.953315575576421770e-01,5.865860500848332104e-05,2.046097838373493460e-01,1.000000000000000000e+00
1.085749999999999993e+00,7.967561245418453009e-01,5.864995959170078477e-05,2.031852254985629935e-01,1.000000000000000000e+00
1.085999999999999854e+00,7.981641937666341668e-01,5.863863485551057235e-05,2.017771675985103319e-01,1.000000000000000000e+00
1.086249999999999938e+00,7.995554485211069373e-01,5.862469812521488413e-05,2.003859267807678590e-01,1.000000000000000000e+00
1.086500000000000021e+00,8.009296003265030661e-01,5.860821699899364240e-05,1.990117914564979440e-01,1.000000000000000000e+00
1.086749999999999883e+00,8.022863882331953134e-01,5.858925923991870717e-05,1.976550225075647815e-01,1.000000000000000000e+00
1.086999999999999966e+00,8.036255780980441354e-01,5.856789267297606922e-05,1.963158540092828919e-01,1.000000000000000000e+00
1.087250000000000050e+00,8.049469618443388930e-01,5.854418508702663828e-05,1.949944939705740843e-01,1.000000000000000000e+00
1.087499999999999911e+00,8.062503567078507238e-01,5.851820414166626974e-05,1.936911250880076207e-01,1.000000000000000000e+00
1.087749999999999995e+00,8.075356044717015847e-01,5.849001727900909924e-05,1.924059055110194094e-01,1.000000000000000000e+00
1.087999999999999856e+00,8.088025706923874791e-01,5.845969164031779628e-05,1.911389696159722096e-01,1.000000000000000000e+00
1.088249999999999940e+00,8.100581118312143447e-01,5.842378216718251675e-05,1.898834643866184613e-01,1.000000000000000000e+00
1.088500000000000023e+00,8.112945090823397987e-01,5.838587743769626924e-05,1.886471050402225014e-01,1.000000000000000000e+00
1.088749999999999885e+00,8.125117169700042385e-01,5.834604589601599168e-05,1.874299369840997376e-01,1.000000000000000000e+00
1.088999999999999968e+00,8.137097108496180731e-01,5.830435525323689872e-05,1.862319847951287022e-01,1.000000000000000000e+00
1.089249999999999829e+00,8.148884860622468418e-01,5.826087242901487609e-05,1.850532530653241359e-01,1.000000000000000000e+00
1.089499999999999913e+00,8.160480570959374180e-01,5.821566349774202952e-05,1.838937272405648526e-01,1.000000000000000000e+00
1.089749999999999996e+00,8.171884567545893985e-01,5.816879363899592133e-05,1.827533744517716163e-01,1.000000000000000000e+00
1.089999999999999858e+00,8.183097353386979966e-01,5.812032709236193662e-05,1.816321443342096276e-01,1.000000000000000000e+00
1.090249999999999941e+00,8.194119598340773303e-01,5.807032711601655019e-05,1.805299698388066476e-01,1.000000000000000000e+00
1.090500000000000025e+00,8.204952131161209472e-01,5.801885594957154865e-05,1.794467680279294708e-01,1.000000000000000000e+00
1.090749999999999886e+00,8.215595931641467287e-01,5.796597478035520062e-05,1.783824408610729106e-01,1.000000000000000000e+00
1.090999999999999970e+00,8.226052122927238752e-01,5.791174371355228530e-05,1.773368759635625680e-01,1.000000000000000000e+00
1.091250000000000053e+00,8.236321963956318992e-01,5.785622174558799303e-05,1.763099473826225116e-01,1.000000000000000000e+00
1.091499999999999915e+00,8.246406842077577126e-01,5.779946674097596697e-05,1.753015163255013109e-01,1.000000000000000000e+00
1.091749999999999998e+00,8.256308265818376180e-01,5.774153541227190637e-05,1.743114318827501119e-01,1.000000000000000000e+00
1.091999999999999860e+00,8.266027857833211367e-01,5.768248330303370989e-05,1.733395317333758234e-01,1.000000000000000000e+00
1.092249999999999943e+00,8.275567348010459678e-01,5.762236477362173398e-05,1.723856428341803970e-01,1.000000000000000000e+00
1.092500000000000027e+00,8.284928566781540882e-01,5.756123298978095136e-05,1.714495820888561339e-01,1.000000000000000000e+00
1.092749999999999888e+00,8.294113438595768217e-01,5.749913991385591157e-05,1.705311570005093313e-01,1.000000000000000000e+00
1.092999999999999972e+00,8.303123975579749239e-01,5.743613629830561274e-05,1.696301663057267761e-01,1.000000000000000000e+00
1.093249999999999833e+00,8.311962271391939439e-01,5.737227168171708672e-05,1.687464005891243513e-01,1.000000000000000000e+00
1.093499999999999917e+00,8.320630495261809312e-01,5.730759438686921733e-05,1.678796428794321893e-01,1.000000000000000000e+00
1.093750000000000000e+00,8.329130886217288587e-01,5.724215152103044867e-05,1.670296692267501104e-01,1.000000000000000000e+00
1.093999999999999861e+00,8.337465747499839264e-01,5.717598897799795938e-05,1.661962492610380704e-01,1.000000000000000000e+00
1.094249999999999945e+00,8.345637441173937576e-01,5.710915144211773520e-05,1.653791467311641339e-01,1.000000000000000000e+00
1.094500000000000028e+00,8.353648382924149240e-01,5.704168239399954091e-05,1.645781200251910659e-01,1.000000000000000000e+00
1.094749999999999890e+00,8.361501037037986084e-01,5.697362411772979217e-05,1.637929226720836740e-01,1.000000000000000000e+00
1.094999999999999973e+00,8.369197911577610505e-01,5.690501770968477743e-05,1.630233038245292587e-01,1.000000000000000000e+00
1.095250000000000057e+00,8.376741553742903523e-01,5.683590308873997995e-05,1.622690087226208999e-01,1.000000000000000000e+00
1.095499999999999918e+00,8.384134545402834870e-01,5.676631900766120726e-05,1.615297791407088457e-01,1.000000000000000000e+00
1.095750000000000002e+00,8.391379498828115402e-01,5.669630306572250218e-05,1.608053538141227257e-01,1.000000000000000000e+00
1.095999999999999863e+00,8.398479052586489413e-01,5.662589172248892061e-05,1.600954688496285805e-01,1.000000000000000000e+00
1.096249999999999947e+00,8.405435867624012625e-01,5.655512031250563461e-05,1.593998581172862417e-01,1.000000000000000000e+00
1.096500000000000030e+00,8.412252623520602990e-01,5.648402306096669346e-05,1.587182536248787357e-01,1.000000000000000000e+00
1.096749999999999892e+00,8.418932014909774608e-01,5.641263310019611638e-05,1.580503858759223501e-01,1.000000000000000000e+00
1.096999999999999975e+00,8.425476748068333466e-01,5.634098248682033362e-05,1.573959842106798235e-01,1.000000000000000000e+00
1.097249999999999837e+00,8.431889537675159030e-01,5.626910221970471215e-05,1.567547771302643944e-01,1.000000000000000000e+00
1.097499999999999920e+00,8.438173103724928570e-01,5.619702225842608388e-05,1.561264926052487179e-01,1.000000000000000000e+00
1.097750000000000004e+00,8.444330168602750541e-01,5.612477154230554211e-05,1.555108583681826528e-01,1.000000000000000000e+00
1.097999999999999865e+00,8.450363454307491251e-01,5.605237800983360396e-05,1.549076021912410284e-01,1.000000000000000000e+00
1.098249999999999948e+00,8.456275679830225211e-01,5.597986861856233868e-05,1.543164521483589291e-01,1.000000000000000000e+00
1.098500000000000032e+00,8.462069558670156644e-01,5.590726936524287121e-05,1.537371368636190894e-01,1.000000000000000000e+00
1.098749999999999893e+00,8.467747796505640245e-01,5.583460530635342900e-05,1.531693857441296103e-01,1.000000000000000000e+00
1.098999999999999977e+00,8.473313088981415664e-01,5.576190057864790725e-05,1.526129292012797789e-01,1.000000000000000000e+00
1.099249999999999838e+00,8.478768119650234025e-01,5.568917842002394861e-05,1.520674988565565711e-01,1.000000000000000000e+00
1.099499999999999922e+00,8.484115558027119919e-01,5.561646119043091470e-05,1.515328277360975806e-01,1.000000000000000000e+00
1.099750000000000005e+00,8.489358057785576506e-01,5.554377039282932339e-05,1.510086504510495253e-01,1.000000000000000000e+00
1.099999999999999867e+00,8.494498255047692181e-01,5.547112669413460575e-05,1.504947033685366531e-01,1.000000000000000000e+00
1.100249999999999950e+00,8.499538766817202884e-01,5.539854994617181348e-05,1.499907247683335276e-01,1.000000000000000000e+00
1.100500000000000034e+00,8.504482189509180445e-01,5.532605920648373546e-05,1.494964549898754602e-01,1.000000000000000000e+00
1.100749999999999895e+00,8.509331097585639547e-01,5.525367275908556983e-05,1.490116365686769695e-01,1.000000000000000000e+00
1.100999999999999979e+00,8.514088042302260240e-01,5.518140813500304031e-05,1.485360143616389628e-01,1.000000000000000000e+00
1.101249999999999840e+00,8.518755550549999001e-01,5.510928213268995597e-05,1.480693356628673962e-01,1.000000000000000000e+00
1.101499999999999924e+00,8.523336123784619467e-01,5.503731083809695608e-05,1.476113503106999680e-01,1.000000000000000000e+00
1.101750000000000007e+00,8.527832237054923104e-01,5.496550964462117568e-05,1.471618107848630674e-01,1.000000000000000000e+00
1.101999999999999869e+00,8.532246338108696593e-01,5.489389327267257113e-05,1.467204722958576624e-01,1.000000000000000000e+00
1.102249999999999952e+00,8.536580846592007887e-01,5.482247578901877703e-05,1.462870928650101821e-01,1.000000000000000000e+00
1.102500000000000036e+00,8.540838153305279068e-01,5.475127062564714086e-05,1.458614333988464407e-01,1.000000000000000000e+00
1.102749999999999897e+00,8.545020619545682372e-01,5.468029059843772011e-05,1.454432577548333272e-01,1.000000000000000000e+00
1.102999999999999980e+00,8.549130576528937153e-01,5.460954792540806028e-05,1.450323327991808742e-01,1.000000000000000000e+00
1.103249999999999842e+00,8.553170324839515226e-01,5.453905424444303103e-05,1.446284284618040428e-01,1.000000000000000000e+00
1.103499999999999925e+00,8.557142133987277743e-01,5.446882063078382040e-05,1.442313177806414382e-01,1.000000000000000000e+00
1.103750000000000009e+00,8.561048241987838647e-01,5.439885761404048307e-05,1.438407769436020889e-01,1.000000000000000000e+00
1.103999999999999870e+00,8.564890854998838954e-01,5.432917519466545732e-05,1.434565853249214484e-01,1.000000000000000000e+00
1.104249999999999954e+00,8.568672147030523822e-01,5.425978286011042028e-05,1.430785255140875067e-01,1.000000000000000000e+00
1.104500000000000037e+00,8.572394259669767758e-01,5.419068960051381251e-05,1.427063833434226992e-01,1.000000000000000000e+00
1.104749999999999899e+00,8.576059301865406326e-01,5.412190392381964422e-05,1.423399479095355524e-01,1.000000000000000000e+00
1.104999999999999982e+00,8.579669349745232543e-01,5.405343387049138596e-05,1.419790115916062523e-01,1.000000000000000000e+00
1.105249999999999844e+00,8.583226446479125249e-01,5.398528702785861284e-05,1.416233700650596228e-01,1.000000000000000000e+00
1.105499999999999927e+00,8.586732602154573124e-01,5.391747054377923941e-05,1.412728223139989026e-01,1.000000000000000000e+00
1.105750000000000011e+00,8.590189793696967335e-01,5.384999113998760695e-05,1.409271706391632684e-01,1.000000000000000000e+00
1.105999999999999872e+00,8.593599964816545089e-01,5.378285512494601292e-05,1.405862206632205458e-01,1.000000000000000000e+00
1.106249999999999956e+00,8.596965025965932483e-01,5.371606840613465760e-05,1.402497813350006284e-01,1.000000000000000000e+00
1.106500000000000039e+00,8.600286854333775155e-01,5.364963650198150682e-05,1.399176649301205055e-01,1.000000000000000000e+00
1.106749999999999901e+00,8.603567293843225050e-01,5.358356455328450418e-05,1.395896870511242061e-01,1.000000000000000000e+00
1.106999999999999984e+00,8.606808155176234321e-01,5.351785733415499274e-05,1.392656666250424169e-01,1.000000000000000000e+00
1.107249999999999845e+00,8.610011215806286922e-01,5.345251926256643299e-05,1.389454259001087488e-01,1.000000000000000000e+00
1.107499999999999929e+00,8.613178220043133937e-01,5.338755441041198395e-05,1.386287904412761840e-01,1.000000000000000000e+00
1.107750000000000012e+00,8.616310879085756769e-01,5.332296651316599816e-05,1.383155891249111535e-01,1.000000000000000000e+00
1.107999999999999874e+00,8.619410871087893611e-01,5.325875897909163569e-05,1.380056541322315367e-01,1.000000000000000000e+00
1.108249999999999957e+00,8.622479841224798269e-01,5.319493489811360208e-05,1.376988209426220633e-01,1.000000000000000000e+00
1.108499999999999819e+00,8.625519401762964389e-01,5.313149705016666089e-05,1.373949283266533983e-01,1.000000000000000000e+00
1.108749999999999902e+00,8.628531132139682924e-01,5.306844791333471231e-05,1.370938183381183728e-01,1.000000000000000000e+00
1.108999999999999986e+00,8.631516579033362557e-01,5.300578967144219382e-05,1.367953363069923101e-01,1.000000000000000000e+00
1.109249999999999847e+00,8.634477256448144233e-01,5.294352422143137801e-05,1.364993308309641329e-01,1.000000000000000000e+00
1.109499999999999931e+00,8.637414645785903566e-01,5.288165318032490885e-05,1.362056537682293234e-01,1.000000000000000000e+00
1.109750000000000014e+00,8.640330195923152656e-01,5.282017789194917658e-05,1.359141602297927742e-01,1.000000000000000000e+00
1.109999999999999876e+00,8.643225323283608708e-01,5.275909943319290858e-05,1.356247085722059320e-01,1.000000000000000000e+00
1.110249999999999959e+00,8.646101411908144740e-01,5.269841862019183806e-05,1.353371603905653420e-01,1.000000000000000000e+00
1.110500000000000043e+00,8.648959813524930151e-01,5.263813601404187354e-05,1.350513805114929300e-01,1.000000000000000000e+00
1.110749999999999904e+00,8.651801847613278529e-01,5.257825192645378912e-05,1.347672369867456976e-01,1.000000000000000000e+00
1.110999999999999988e+00,8.654628801464860910e-01,5.251876642497118464e-05,1.344846010870889286e-01,1.000000000000000000e+00
1.111249999999999849e+00,8.657441930236943195e-01,5.245967933815762056e-05,1.342033472969675345e-01,1.000000000000000000e+00
1.111499999999999932e+00,8.660242457011295691e-01,5.240099026041522578e-05,1.339233533086100214e-01,1.000000000000000000e+00
1.111750000000000016e+00,8.663031572843613581e-01,5.234269855680389499e-05,1.336445000170818354e-01,1.000000000000000000e+00
1.111999999999999877e+00,8.665810436807591666e-01,5.228480336751457804e-05,1.333666715158733085e-01,1.000000000000000000e+00
1.112249999999999961e+00,8.668580176042008922e-01,5.222730361235614906e-05,1.330897550921867623e-01,1.000000000000000000e+00
1.112499999999999822e+00,8.671341885796040039e-01,5.217019799500255834e-05,1.328136412224009966e-01,1.000000000000000000e+00
1.112749999999999906e+00,8.674096629465344321e-01,5.211348500718519821e-05,1.325382235684583743e-01,1.000000000000000000e+00
1.112999999999999989e+00,8.676845438632005969e-01,5.205716293279787543e-05,1.322633989738666027e-01,1.000000000000000000e+00
1.113249999999999851e+00,8.679589313109206117e-01,5.200122985188248068e-05,1.319890674592275048e-01,1.000000000000000000e+00
1.113499999999999934e+00,8.682329220976006123e-01,5.194568364458288412e-05,1.317151322187548046e-01,1.000000000000000000e+00
1.113750000000000018e+00,8.685066098617730823e-01,5.189052199508054867e-05,1.314414996162318328e-01,1.000000000000000000e+00
1.113999999999999879e+00,8.687800850777142037e-01,5.183574239546318013e-05,1.311680791798903456e-01,1.000000000000000000e+00
1.114249999999999963e+00,8.690534350590363166e-01,5.178134214958288780e-05,1.308947835988140962e-01,1.000000000000000000e+00
1.114499999999999824e+00,8.693267439649010608e-01,5.172731837695111973e-05,1.306215287167220018e-01,1.000000000000000000e+00
1.114749999999999908e+00,8.696000928050331424e-01,5.167366801659426185e-05,1.303482335269502690e-01,1.000000000000000000e+00
1.114999999999999991e+00,8.698735594454538589e-01,5.162038783095869703e-05,1.300748201667151771e-01,1.000000000000000000e+00
1.115249999999999853e+00,8.701472186168980327e-01,5.156747440992633081e-05,1.298012139086920369e-01,1.000000000000000000e+00
1.115499999999999936e+00,8.704211419211937972e-01,5.151492417469436815e-05,1.295273431546315190e-01,1.000000000000000000e+00
1.115750000000000020e+00,8.706953978406385408e-01,5.146273338193414363e-05,1.292531394259795186e-01,1.000000000000000000e+00
1.115999999999999881e+00,8.709700517480996051e-01,5.141089812788858569e-05,1.289785373537725155e-01,1.000000000000000000e+00
1.116249999999999964e+00,8.712451659175957097e-01,5.135941435255477724e-05,1.287034746680517372e-01,1.000000000000000000e+00
1.116499999999999826e+00,8.715207995366955895e-01,5.130827784398761488e-05,1.284278921854604127e-01,1.000000000000000000e+00
1.116749999999999909e+00,8.717970087201812879e-01,5.125748424270658928e-05,1.281517337955760116e-01,1.000000000000000000e+00
1.116999999999999993e+00,8.720738465250198468e-01,5.120702904612801719e-05,1.278749464459340290e-01,1.000000000000000000e+00
1.117249999999999854e+00,8.723513629675208048e-01,5.115690761318616867e-05,1.275974801248660195e-01,1.000000000000000000e+00
1.117499999999999938e+00,8.726296050408083316e-01,5.110711516899359483e-05,1.273192878440226883e-01,1.000000000000000000e+00
1.117750000000000021e+00,8.729086167359076942e-01,5.105764680967320694e-05,1.270403256172826234e-01,1.000000000000000000e+00
1.117999999999999883e+00,8.731884390629196524e-01,5.100849750723685411e-05,1.267605524395730987e-01,1.000000000000000000e+00
1.118249999999999966e+00,8.734691100750758830e-01,5.095966211461761382e-05,1.264799302628094868e-01,1.000000000000000000e+00
1.118499999999999828e+00,8.737506648946121723e-01,5.091113537081416859e-05,1.261984239700170152e-01,1.000000000000000000e+00
1.118749999999999911e+00,8.740331357405330959e-01,5.086291190613021976e-05,1.259160013475607853e-01,1.000000000000000000e+00
1.118999999999999995e+00,8.743165519581553857e-01,5.081498624753289921e-05,1.256326330555970761e-01,1.000000000000000000e+00
1.119249999999999856e+00,8.746009400518135468e-01,5.076735282412100404e-05,1.253482925953623428e-01,1.000000000000000000e+00
1.119499999999999940e+00,8.748863237183999164e-01,5.072000597269922550e-05,1.250629562756273849e-01,1.000000000000000000e+00
1.119750000000000023e+00,8.751727238840338874e-01,5.067293994343838906e-05,1.247766031760226685e-01,1.000000000000000000e+00
1.119999999999999885e+00,8.754601587427784937e-01,5.062614890566412501e-05,1.244892151083158427e-01,1.000000000000000000e+00
1.120249999999999968e+00,8.757486437970669613e-01,5.057962695368169723e-05,1.242007765759793603e-01,1.000000000000000000e+00
1.120499999999999829e+00,8.760381919012555363e-01,5.053336811276361128e-05,1.239112747306316958e-01,1.000000000000000000e+00
1.120749999999999913e+00,8.763288133065839647e-01,5.048736634514042096e-05,1.236206993270708987e-01,1.000000000000000000e+00
1.120999999999999996e+00,8.766205157088607924e-01,5.044161555608429512e-05,1.233290426755831171e-01,1.000000000000000000e+00
1.121249999999999858e+00,8.769133042980853388e-01,5.039610960009294096e-05,1.230362995923145741e-01,1.000000000000000000e+00
1.121499999999999941e+00,8.772071818105481311e-01,5.035084228705666114e-05,1.227424673471648187e-01,1.000000000000000000e+00
1.121750000000000025e+00,8.775021485826127732e-01,5.030580738854895578e-05,1.224475456099986814e-01,1.000000000000000000e+00
1.121999999999999886e+00,8.777982026068773536e-01,5.026099864408085113e-05,1.221515363944785659e-01,1.000000000000000000e+00
1.122249999999999970e+00,8.780953395906196945e-01,5.021640976742680591e-05,1.218544439996128853e-01,1.000000000000000000e+00
1.122499999999999831e+00,8.783935530154280968e-01,5.017203445294275710e-05,1.215562749501189616e-01,1.000000000000000000e+00
1.122749999999999915e+00,8.786928341994612035e-01,5.012786638191081014e-05,1.212570379341568888e-01,1.000000000000000000e+00
1.122999999999999998e+00,8.789931723616434267e-01,5.008389922885961580e-05,1.209567437391277089e-01,1.000000000000000000e+00
1.123249999999999860e+00,8.792945546864359141e-01,5.004012666787152657e-05,1.206554051868962141e-01,1.000000000000000000e+00
1.123499999999999943e+00,8.795969663919520620e-01,4.999654237887343582e-05,1.203530370656690635e-01,1.000000000000000000e+00
1.123749999999999805e+00,8.799003907981021166e-01,4.995314005387617836e-05,1.200496560618440067e-01,1.000000000000000000e+00
1.123999999999999888e+00,8.802048093971811538e-01,4.990991340319036990e-05,1.197452806894156591e-01,1.000000000000000000e+00
1.124249999999999972e+00,8.805102019253664425e-01,4.986685616154920168e-05,1.194399312184720036e-01,1.000000000000000000e+00
1.124499999999999833e+00,8.808165464353588936e-01,4.982396209419973218e-05,1.191336296025469060e-01,1.000000000000000000e+00
1.124749999999999917e+00,8.811238193708570421e-01,4.978122500287205027e-05,1.188263994041400817e-01,1.000000000000000000e+00
1.125000000000000000e+00,8.814319956409337742e-01,4.973863873171806044e-05,1.185182657203345119e-01,1.000000000000000000e+00
1.125249999999999861e+00,8.817410486961276828e-01,4.969619717307876064e-05,1.182092551066992320e-01,1.000000000000000000e+00
1.125499999999999945e+00,8.820509506052260917e-01,4.965389427319903134e-05,1.178993955005007144e-01,1.000000000000000000e+00
1.125750000000000028e+00,8.823616721319962330e-01,4.961172403779937079e-05,1.175887161439659739e-01,1.000000000000000000e+00
1.125999999999999890e+00,8.826731828134003477e-01,4.956968053754345883e-05,1.172772475060621100e-01,1.000000000000000000e+00
1.126249999999999973e+00,8.829854510375331200e-01,4.952775791330896508e-05,1.169650212045535709e-01,1.000000000000000000e+00
1.126499999999999835e+00,8.832984441217653915e-01,4.948595038140312383e-05,1.166520699278532081e-01,1.000000000000000000e+00
1.126749999999999918e+00,8.836121283914911695e-01,4.944425223853719591e-05,1.163384273562702992e-01,1.000000000000000000e+00
1.127000000000000002e+00,8.839264692583366223e-01,4.940265786673229379e-05,1.160241280837966404e-01,1.000000000000000000e+00
1.127249999999999863e+00,8.842414312984675506e-01,4.936116173795231972e-05,1.157092075397944952e-01,1.000000000000000000e+00
1.127499999999999947e+00,8.845569783308193657e-01,4.931975841866767090e-05,1.153937019107619671e-01,1.000000000000000000e+00
1.127749999999999808e+00,8.848730734943132115e-01,4.927844257416955093e-05,1.150776480631126170e-01,1.000000000000000000e+00
1.127999999999999892e+00,8.851896793253706264e-01,4.923720897273509508e-05,1.147610834656566381e-01,1.000000000000000000e+00
1.128249999999999975e+00,8.855067578339013146e-01,4.919605248959529279e-05,1.144440461136090881e-01,1.000000000000000000e+00
1.128499999999999837e+00,8.858242705791806726e-01,4.915496811069050808e-05,1.141265744527086429e-01,1.000000000000000000e+00
1.128749999999999920e+00,8.861421787448088283e-01,4.911395093626734064e-05,1.138087073042549080e-01,1.000000000000000000e+00
1.129000000000000004e+00,8.864604432121004907e-01,4.907299618425281881e-05,1.134904837917152520e-01,1.000000000000000000e+00
1.129249999999999865e+00,8.867790246329840809e-01,4.903209919340993612e-05,1.131719432678225112e-01,1.000000000000000000e+00
1.129499999999999948e+00,8.870978835014254882e-01,4.899125542632085394e-05,1.128531252431481946e-01,1.000000000000000000e+00
1.129750000000000032e+00,8.874169802237308335e-01,4.895046047215320938e-05,1.125340693157970140e-01,1.000000000000000000e+00
1.129999999999999893e+00,8.877362751870403468e-01,4.890971004920862064e-05,1.122148151029104396e-01,1.000000000000000000e+00
1.130249999999999977e+00,8.880557288266796023e-01,4.886900000724945262e-05,1.118954021733131465e-01,1.000000000000000000e+00
1.130499999999999838e+00,8.883753016919929690e-01,4.882832632968000126e-05,1.115758699816773447e-01,1.000000000000000000e+00
1.130749999999999922e+00,8.886949545101318071e-01,4.878768513544465377e-05,1.112562578047327499e-01,1.000000000000000000e+00
1.131000000000000005e+00,8.890146482485974389e-01,4.874707268076219874e-05,1.109366046787217952e-01,1.000000000000000000e+00
1.131249999999999867e+00,8.893343441754925083e-01,4.870648536065400909e-05,1.106169493391468417e-01,1.000000000000000000e+00
1.131499999999999950e+00,8.896540039182859738e-01,4.866591971024204213e-05,1.102973301620037844e-01,1.000000000000000000e+00
1.131749999999999812e+00,8.899735895204833325e-01,4.862537240588147848e-05,1.099777851071107870e-01,1.000000000000000000e+00
1.131999999999999895e+00,8.902930634960789513e-01,4.858484026606691179e-05,1.096583516636549793e-01,1.000000000000000000e+00
1.132249999999999979e+00,8.906123888827266466e-01,4.854432025215526766e-05,1.093390667970211977e-01,1.000000000000000000e+00
1.132499999999999840e+00,8.909315292919144369e-01,4.850380946891117085e-05,1.090199668986166492e-01,1.000000000000000000e+00
1.132749999999999924e+00,8.912504489576372757e-01,4.846330516481919554e-05,1.087010877371979017e-01,1.000000000000000000e+00
1.133000000000000007e+00,8.915691127825623452e-01,4.842280473226947396e-05,1.083824644127053816e-01,1.000000000000000000e+00
1.133249999999999869e+00,8.918874863825558830e-01,4.838230570751470775e-05,1.080641313117366026e-01,1.000000000000000000e+00
1.133499999999999952e+00,8.922055361284444430e-01,4.834180577050617563e-05,1.077461220657850577e-01,1.000000000000000000e+00
1.133750000000000036e+00,8.925232291855940137e-01,4.830130274448322735e-05,1.074284695116615035e-01,1.000000000000000000e+00
1.133999999999999897e+00,8.928405335519788988e-01,4.826079459547355456e-05,1.071112056534256340e-01,1.000000000000000000e+00
1.134249999999999980e+00,8.931574180930833551e-01,4.822027943160591508e-05,1.067943616274850405e-01,1.000000000000000000e+00
1.134499999999999842e+00,8.934738525752399241e-01,4.817975550223814972e-05,1.064779676692578364e-01,1.000000000000000000e+00
1.134749999999999925e+00,8.937898076964737593e-01,4.813922119700963029e-05,1.061620530823292330e-01,1.000000000000000000e+00
1.135000000000000009e+00,8.941052551151212890e-01,4.809867504467196103e-05,1.058466462098340416e-01,1.000000000000000000e+00
1.135249999999999870e+00,8.944201674764149512e-01,4.805811571183011156e-05,1.055317744078732162e-01,1.000000000000000000e+00
1.135499999999999954e+00,8.947345184366419790e-01,4.801754200155991672e-05,1.052174640213564549e-01,1.000000000000000000e+00
1.135749999999999815e+00,8.950482826854815332e-01,4.797695285187594311e-05,1.049037403616665948e-01,1.000000000000000000e+00
1.135999999999999899e+00,8.953614359656837385e-01,4.793634733409389656e-05,1.045906276869821711e-01,1.000000000000000000e+00
1.136249999999999982e+00,8.956739550911505532e-01,4.789572465108879034e-05,1.042781491841983516e-01,1.000000000000000000e+00
1.136499999999999844e+00,8.959858179627305796e-01,4.785508413543698855e-05,1.039663269531339862e-01,1.000000000000000000e+00
1.136749999999999927e+00,8.962970035818004222e-01,4.781442524747759844e-05,1.036551819929520946e-01,1.000000000000000000e+00
1.137000000000000011e+00,8.966074920620129562e-01,4.777374757326074658e-05,1.033447341904137895e-01,1.000000000000000000e+00
1.137249999999999872e+00,8.969172646390658477e-01,4.773305082243440775e-05,1.030350023101117146e-01,1.000000000000000000e+00
1.137499999999999956e+00,8.972263036787121449e-01,4.769233482604382022e-05,1.027260039864618113e-01,1.000000000000000000e+00
1.137749999999999817e+00,8.975345926822126952e-01,4.765159953425517612e-05,1.024177557182530535e-01,1.000000000000000000e+00
1.137999999999999901e+00,8.978421162908500897e-01,4.761084501400868966e-05,1.021102728641359036e-01,1.000000000000000000e+00
1.138249999999999984e+00,8.981488602879317273e-01,4.757007144663416554e-05,1.018035696406216356e-01,1.000000000000000000e+00
1.138499999999999845e+00,8.984548115996925377e-01,4.752927912541209289e-05,1.014976591211820545e-01,1.000000000000000000e+00
1.138749999999999929e+00,8.987599582936440790e-01,4.748846845305834371e-05,1.011925532379028686e-01,1.000000000000000000e+00
1.138999999999999790e+00,8.990642895762924747e-01,4.744763993918334503e-05,1.008882627837683482e-01,1.000000000000000000e+00
1.139249999999999874e+00,8.993677957885415353e-01,4.740679419775007211e-05,1.005847974172607157e-01,1.000000000000000000e+00
1.139499999999999957e+00,8.996704683999755536e-01,4.736593194445161404e-05,1.002821656680800005e-01,1.000000000000000000e+00
1.139749999999999819e+00,8.999723000013541974e-01,4.732505399411384551e-05,9.998037494465168706e-02,1.000000000000000000e+00
1.139999999999999902e+00,9.002732842960142756e-01,4.728416125801384923e-05,9.967943154272770889e-02,1.000000000000000000e+00
1.140249999999999986e+00,9.005734160901245344e-01,4.724325474128531849e-05,9.937934065513417958e-02,1.000000000000000000e+00
1.140499999999999847e+00,9.008726912806763742e-01,4.720233554021510583e-05,9.908010638378340895e-02,1.000000000000000000e+00
1.140749999999999931e+00,9.011711068435038774e-01,4.716140483960701930e-05,9.878173175165651243e-02,1.000000000000000000e+00
1.141000000000000014e+00,9.014686608193794859e-01,4.712046391011934048e-05,9.848421871671039773e-02,1.000000000000000000e+00
1.141249999999999876e+00,9.017653522992384874e-01,4.707951410562348428e-05,9.818756818665588804e-02,1.000000000000000000e+00
1.141499999999999959e+00,9.020611814084237290e-01,4.703855686057030933e-05,9.789178003471570022e-02,1.000000000000000000e+00
1.141749999999999821e+00,9.023561492895952885e-01,4.699759368735070901e-05,9.759685311671735530e-02,1.000000000000000000e+00
1.141999999999999904e+00,9.026502580853865698e-01,4.695662617372036032e-05,9.730278528843970542e-02,1.000000000000000000e+00
1.142249999999999988e+00,9.029435109196654041e-01,4.691565598022631576e-05,9.700957342435437281e-02,1.000000000000000000e+00
1.142499999999999849e+00,9.032359118781353446e-01,4.687468483766202174e-05,9.671721343702699425e-02,1.000000000000000000e+00
1.142749999999999932e+00,9.035274659883968384e-01,4.683371454455414465e-05,9.642570029705860302e-02,1.000000000000000000e+00
1.142999999999999794e+00,9.038181791990055336e-01,4.679274696468848255e-05,9.613502805402977802e-02,1.000000000000000000e+00
1.143249999999999877e+00,9.041080583583959163e-01,4.675178402468550614e-05,9.584518985757939369e-02,1.000000000000000000e+00
1.143499999999999961e+00,9.043971111925284134e-01,4.671082771159408044e-05,9.555617797975998751e-02,1.000000000000000000e+00
1.143749999999999822e+00,9.046853462828304826e-01,4.666988007055305755e-05,9.526798383709896012e-02,1.000000000000000000e+00
1.143999999999999906e+00,9.049727730430955353e-01,4.662894320248677106e-05,9.498059801370198341e-02,1.000000000000000000e+00
1.144249999999999989e+00,9.052594016964602419e-01,4.658801926186201828e-05,9.469401028427790190e-02,1.000000000000000000e+00
1.144499999999999851e+00,9.055452432514380368e-01,4.654711045448990805e-05,9.440820963810747646e-02,1.000000000000000000e+00
1.144749999999999934e+00,9.058303094783913822e-01,4.650621903538049574e-05,9.412318430257324287e-02,1.000000000000000000e+00
1.145000000000000018e+00,9.061146128850285919e-01,4.646534730664445223e-05,9.383892176766475690e-02,1.000000000000000000e+00
1.145249999999999879e+00,9.063981666922723557e-01,4.642449761548474201e-05,9.355540881011216447e-02,1.000000000000000000e+00
1.145499999999999963e+00,9.066809848097285851e-01,4.638367235221333280e-05,9.327263151791920226e-02,1.000000000000000000e+00
1.145749999999999824e+00,9.069630818111280579e-01,4.634287394833993011e-05,9.299057531492360695e-02,1.000000000000000000e+00
1.145999999999999908e+00,9.072444729094473193e-01,4.630210487471789660e-05,9.270922498567796266e-02,1.000000000000000000e+00
1.146249999999999991e+00,9.075251739324295963e-01,4.626136763977329599e-05,9.242856469993063206e-02,1.000000000000000000e+00
1.146499999999999853e+00,9.078052012978597984e-01,4.622066478775001692e-05,9.214857803735244934e-02,1.000000000000000000e+00
1.146749999999999936e+00,9.080845719887862266e-01,4.617999889707020180e-05,9.186924801231670379e-02,1.000000000000000000e+00
1.146999999999999797e+00,9.083633035291277524e-01,4.613937257872201107e-05,9.159055709829352909e-02,1.000000000000000000e+00
1.147249999999999881e+00,9.086414139592033923e-01,4.609878847471383549e-05,9.131248725232189722e-02,1.000000000000000000e+00
1.147499999999999964e+00,9.089189218113408186e-01,4.605824925660480240e-05,9.103501993940257830e-02,1.000000000000000000e+00
1.147749999999999826e+00,9.091958460858822200e-01,4.601775762408977672e-05,9.075813615649369615e-02,1.000000000000000000e+00
1.147999999999999909e+00,9.094722062271407559e-01,4.597731630363546845e-05,9.048181645655560545e-02,1.000000000000000000e+00
1.148249999999999993e+00,9.097480220998398481e-01,4.593692804719448760e-05,9.020604097211296080e-02,1.000000000000000000e+00
1.148499999999999854e+00,9.100233139654314574e-01,4.589659563096490174e-05,8.993078943893757782e-02,1.000000000000000000e+00
1.148749999999999938e+00,9.102981024592444736e-01,4.585632185421063074e-05,8.965604121890131950e-02,1.000000000000000000e+00
1.149000000000000021e+00,9.105724085673247981e-01,4.581610953815634668e-05,8.938177532313704154e-02,1.000000000000000000e+00
1.149249999999999883e+00,9.108462536036973090e-01,4.577596152489322241e-05,8.910797043477779178e-02,1.000000000000000000e+00
1.149499999999999966e+00,9.111196591885641904e-01,4.573588067639901614e-05,8.883460493075941156e-02,1.000000000000000000e+00
1.149749999999999828e+00,9.113926472257696254e-01,4.569586987356180153e-05,8.856165690435681415e-02,1.000000000000000000e+00
1.149999999999999911e+00,9.116652398815920932e-01,4.565593201527818256e-05,8.828910418639263069e-02,1.000000000000000000e+00
