wavelength_um,A_B0_theta_plus,A_B0_theta_minus,A_B3_theta_plus,A_B3_theta_minus,A_B6_theta_plus,A_B6_theta_minus
18.0,0.9551639303110588,0.9551639303110588,0.9765175418683462,0.963369558135527,0.9936016991374798,0.9302918308626853
18.0125,0.9660126939629954,0.9660126939629954,0.9831159435527855,0.971141637048905,0.9956557686250728,0.9214546177027809
18.025,0.9754320506446185,0.9754320506446185,0.9886652449651746,0.9766824724077298,0.997070693299535,0.9117189987937089
18.0375,0.9832621687526477,0.9832621687526477,0.9931143469194056,0.9799887435173723,0.9979179750853112,0.9019578630311644
18.05,0.9894294772524631,0.9894294772524631,0.9964189579305706,0.9810275780643721,0.9983077455529668,0.8930036269599788
18.0625,0.9938973509085152,0.9938973509085152,0.9985421147329648,0.9797638405476314,0.9983750684445785,0.8855305386573716
18.075,0.9966260271760862,0.9966260271760862,0.9994767323381881,0.9762447531188095,0.9982618525532179,0.8799784752666732
18.0875,0.9975717342374514,0.9975717342374514,0.9992763891894799,0.9706885880646904,0.9980981368249197,0.8765217864817613
18.1,0.9967286483924793,0.9967286483924792,0.9980771359756132,0.9635251725436307,0.99798648836124,0.8750801081800086
18.1125,0.9941883425621917,0.9941883425621917,0.9960998773146169,0.9553683458893603,0.9979925932984497,0.8753661062094629
18.125,0.9901822579041254,0.9901822579041254,0.9936324325376305,0.9469354499018593,0.99814333775381,0.8769585041589955
18.1375,0.9850857849446033,0.9850857849446033,0.9909969776666794,0.9389455750109874,0.9984308671957481,0.879375535140051
18.15,0.979383379561656,0.979383379561656,0.9885108721048902,0.9320252456342681,0.9988188689599367,0.8821172441056918
18.1625,0.9736086090889128,0.9736086090889128,0.9864483356585813,0.9266380199946983,0.9992478965998227,0.8846632144861601
18.175,0.9682767174011623,0.9682767174011623,0.9850090733877338,0.9230437435844423,0.9996400253699769,0.8864517857393251
18.1875,0.9638236055436159,0.9638236055436159,0.9842988533486354,0.9212883859032728,0.9999061542504133,0.8868930495047385
18.2,0.9605595632120758,0.9605595632120758,0.984325729720297,0.9212242902415214,0.9999584606146859,0.8854491900373013
18.2125,0.9586423661602035,0.9586423661602035,0.9850123895136194,0.9225572410157449,0.9997265304863072,0.8817625808613834
18.225,0.9580728497860199,0.9580728497860199,0.9862191830412684,0.9249068553400135,0.9991723247029104,0.8757692128139822
18.2375,0.9587140875811551,0.9587140875811551,0.9877667122073323,0.9278556590563269,0.9982990256876071,0.8677371628300669
18.25,0.9603293543109607,0.9603293543109607,0.989447773014764,0.9309648656262861,0.99715139106453,0.8582117987393872
18.2625,0.9626245095563382,0.9626245095563382,0.9910288957275306,0.9337600362478652,0.9958083164942929,0.8478965915835132
18.275,0.9652753506157213,0.9652753506157213,0.9922541334186832,0.9357210312323248,0.9943702525336183,0.8375198623237456
18.2875,0.9679302914792245,0.9679302914792245,0.992865502044011,0.9363165480701281,0.9929446728814348,0.8277287525674505
18.3,0.9702013921171545,0.9702013921171545,0.9926424940454592,0.9350930738280617,0.9916324876117356,0.8190281484805109
18.3125,0.9716726951088579,0.9716726951088579,0.991447926697124,0.9317855474346696,0.9905175964337788,0.8117615194238367
18.325,0.9719460879706674,0.9719460879706674,0.9892614140973555,0.9263970366023323,0.9896607961823276,0.8061199638946557
18.3375,0.9707170079908253,0.9707170079908253,0.986187723761319,0.9192101621481344,0.9890980661636141,0.8021639966361022
18.35,0.9678487591058098,0.9678487591058098,0.9824388574261619,0.9107285484973036,0.9888421683189695,0.7998456971356457
18.3625,0.9634123868113645,0.9634123868113645,0.9782979919513747,0.9015764277584999,0.9888859162048814,0.7990233289383876
18.375,0.9576769173879885,0.9576769173879885,0.9740767179754426,0.8923934121447411,0.9892055453540769,0.7994649641227495
18.3875,0.9510574306580694,0.9510574306580694,0.9700753940311609,0.8837518619487372,0.9897632161615599,0.8008425687189804
18.4,0.9440421962106728,0.9440421962106728,0.9665528781615843,0.8761081315658056,0.9905085463537253,0.8027245807050933
18.4125,0.9371209878666128,0.9371209878666128,0.9637084241136992,0.8697858635691205,0.9913799438972491,0.8045823475451838
18.425,0.9307293853534123,0.9307293853534123,0.9616755669208654,0.8649823872788437,0.992307059039256,0.8058288011227696
18.4375,0.9252150592695516,0.9252150592695516,0.9605253639675678,0.8617871779576943,0.9932154932652452,0.8058988670827892
18.45,0.9208253283449636,0.9208253283449636,0.9602748042255407,0.8602024678604911,0.9940338179598894,0.8043580805272709
18.4625,0.9177110985330332,0.9177110985330332,0.9608959911421893,0.8601587818994385,0.9947014072480778,0.8010002971048152
18.475,0.9159402208515413,0.9159402208515413,0.9623227209057337,0.8615210767807258,0.9951745605784861,0.7958886188733244
18.4875,0.9155131771347076,0.9155131771347076,0.9644528205158214,0.8640840372907979,0.9954286784064305,0.7893167213628055
18.5,0.9163754045476284,0.9163754045476284,0.9671467645346206,0.867558844141649,0.9954557585533894,0.7817065546949871
18.5125,0.9184226754513195,0.9184226754513195,0.9702255340344013,0.87155925613384,0.9952582816336273,0.7734859388880172
18.525,0.9214982906054755,0.9214982906054755,0.9734728977134336,0.8756010344150851,0.9948416646903122,0.7649915785736016
18.5375,0.9253837474413751,0.9253837474413751,0.9766479369131373,0.8791312504590549,0.9942075090161436,0.7564254777719792
18.55,0.9297884462365728,0.9297884462365728,0.9795110840781247,0.881596987907855,0.9933491996843781,0.7478689869425431
18.5625,0.9343481413931013,0.9343481413931014,0.9818609441579429,0.8825446112118515,0.9922506762328446,0.7393380227015243
18.575,0.9386435462667054,0.9386435462667054,0.9835722342922846,0.8817192977639702,0.9908887440766943,0.7308509391869223
18.5875,0.942246215358004,0.942246215358004,0.9846217000808748,0.8791254935870132,0.9892389467527486,0.7224812919092302
18.6,0.9447874434431626,0.9447874434431626,0.9850917880416379,0.8750220855664823,0.9872843458047975,0.7143802454336158
18.6125,0.9460320008684129,0.9460320008684129,0.9851499602339474,0.8698540794547286,0.9850254804290279,0.7067688835282929
18.625,0.9459310835853615,0.9459310835853615,0.9850103169449039,0.8641467879752518,0.9824888434258786,0.6999100597231297
18.6375,0.9446343865438368,0.9446343865438368,0.9848892843970756,0.8583961210072304,0.9797311821302455,0.6940713309954165
18.65,0.9424571812519147,0.9424571812519147,0.9849670088704237,0.8529814166784283,0.9768380222333566,0.689488863634797
18.6625,0.9398147938032936,0.9398147938032936,0.9853622563898533,0.8481155487093794,0.9739163485261055,0.6863392553581953
18.675,0.937145035569096,0.937145035569096,0.9861237328410777,0.8438381185536683,0.9710824546546352,0.6847222136677894
18.6875,0.9348372373898054,0.9348372373898054,0.9872366022560097,0.8400510951502971,0.9684463293995741,0.6846533372583602
18.7,0.9331792532148198,0.9331792532148198,0.9886397637896487,0.8365879354633977,0.9660940826524049,0.6860650577404055
18.7125,0.932327172753688,0.932327172753688,0.9902469809210114,0.8332961293770539,0.9640705385553676,0.6888156412155236
18.725,0.9322995346898512,0.9322995346898512,0.991964344334285,0.8301059261879716,0.9623655221946422,0.6927090441677937
18.7375,0.9329971066918031,0.9329971066918031,0.9936994167567788,0.8270630359075879,0.9609089845027291,0.6975288336723254
18.75,0.934246611678894,0.934246611678894,0.9953630394922167,0.8243194486260852,0.9595804181596105,0.7030842768641852
18.7625,0.9358594489496843,0.9358594489496843,0.996869317328109,0.8220932274618568,0.9582350809668562,0.709256865185508
18.775,0.9376875159122025,0.9376875159122025,0.9981390619666923,0.8206160905040728,0.9567427423986637,0.7160279380632744
18.7875,0.9396558268510619,0.9396558268510619,0.9991072404569719,0.8200871233291355,0.9550267168738581,0.7234717671133031
18.8,0.9417613225570833,0.9417613225570833,0.9997300032148603,0.8206460509473691,0.9530875271361884,0.7317143552351018
18.8125,0.9440442407355472,0.9440442407355472,0.9999862725619644,0.8223710569555057,0.9510009147869941,0.7408750593161565
18.825,0.9465502786935941,0.9465502786935941,0.9998733603139932,0.825294678156143,0.9488919654962596,0.7510133429995557
18.8375,0.9493008804525561,0.9493008804525561,0.9994012986128973,0.8294221739538647,0.9468980262039063,0.7620953112161682
18.85,0.9522794696197426,0.9522794696197426,0.9985911155487474,0.8347374114405575,0.9451360187791013,0.7739831528700513
18.8625,0.95543263340313,0.95543263340313,0.997477546878364,0.8411923177523881,0.9436843562014472,0.7864436858221555
18.875,0.9586812583283225,0.9586812583283225,0.9961116474334724,0.8486882500907587,0.9425810536706631,0.7991715907346085
18.8875,0.9619354691884112,0.9619354691884112,0.9945584220808079,0.8570615479832414,0.941833216626942,0.8118250322995924
18.9,0.9651072004135145,0.9651072004135145,0.9928886847568853,0.8660807410901896,0.9414310469235788,0.8240714168617873
18.9125,0.9681162962051999,0.9681162962051999,0.9911686639436614,0.8754566085101628,0.9413608813872361,0.8356368978657436
18.925,0.9708905032155059,0.9708905032155059,0.9894520813641319,0.8848638307811839,0.9416143809871664,0.8463476101363856
18.9375,0.9733639443443174,0.9733639443443174,0.9877774966114112,0.8939730250031462,0.9421930227214571,0.8561494056184015
18.95,0.9754792526708737,0.9754792526708737,0.9861707089213818,0.9024902097292321,0.9431078943022053,0.8650997007302282
18.9625,0.9771949107301197,0.9771949107301197,0.9846499940989312,0.9101960662800648,0.9443749476126089,0.8733368339206038
18.975,0.9784945062446522,0.9784945062446522,0.983231716579894,0.9169735572820386,0.9460061597790842,0.8810412521968365
18.9875,0.9793924995299719,0.9793924995299719,0.981934863190414,0.9228142261442416,0.9479978634904541,0.8884030159970581
19.0,0.9799330165732721,0.9799330165732721,0.9807841875513091,0.9278012709667041,0.950318575566242,0.8956022096229647
19.0125,0.9801821677756545,0.9801821677756545,0.9798120969082796,0.9320768928489105,0.9528994314600598,0.902799038826869
19.025,0.980217586228744,0.980217586228744,0.9790590350732962,0.9358070840082471,0.9556304436922796,0.9101253602622651
19.0375,0.9801197726756223,0.9801197726756223,0.978571446807625,0.9391560975923358,0.9583650911828204,0.9176715424149872
19.05,0.9799683731101466,0.9799683731101466,0.9783962400082696,0.9422760532350403,0.9609341354637522,0.9254690347334208
19.0625,0.9798434013527179,0.9798434013527179,0.9785714772823995,0.9453082707538807,0.9631671319588355,0.933474726297237
19.075,0.9798280902526487,0.9798280902526487,0.9791145757103066,0.9483870582669227,0.9649174123567393,0.9415648163545617
19.0875,0.9800085220431743,0.9800085220431743,0.9800107388694076,0.9516370166333081,0.9660844399475115,0.9495434804608673
19.1,0.9804666663961523,0.9804666663961523,0.9812049481541641,0.9551604970180894,0.9666275179472268,0.9571669895113164
19.1125,0.9812670702700356,0.9812670702700356,0.9826004101147771,0.9590185557932436,0.9665672512892054,0.9641790896933933
19.125,0.9824409020131101,0.9824409020131101,0.9840650988534908,0.9632127285832609,0.9659750726461351,0.9703498165428155
19.1375,0.9839725838116549,0.9839725838116549,0.9854462241038964,0.9676749624511619,0.9649547856331592,0.9755086173762945
19.15,0.9857936186424331,0.9857936186424331,0.9865904018309469,0.9722702334167187,0.9636218419984562,0.9795643654795603
19.1625,0.9877862107382525,0.9877862107382525,0.9873654899774459,0.9768125394729229,0.9620854586056269,0.9825091376230729
19.175,0.9897967653875215,0.9897967653875215,0.9876791490817198,0.9810913715220321,0.9604364442313488,0.9844077161893391
19.1875,0.9916569203545939,0.9916569203545939,0.9874897646053465,0.9849030871339665,0.9587410658264198,0.9853783994821245
19.2,0.9932078364321765,0.9932078364321765,0.9868074603491164,0.9880803239766238,0.9570395005111717,0.9855715081942236
19.2125,0.9943225188687225,0.9943225188687225,0.9856858298589889,0.9905131383389691,0.955346794796849,0.9851502541840849
19.225,0.9949213736586991,0.9949213736586991,0.9842075348267968,0.9921579998376211,0.953654625117206,0.9842758396265124
19.2375,0.9949780838405556,0.9949780838405556,0.9824680651815756,0.9930343786343739,0.9519331064768923,0.983096318534555
19.25,0.9945156642222177,0.9945156642222177,0.9805614572979742,0.9932120222513589,0.9501329813097164,0.9817377391787027
19.2625,0.9935951716538386,0.9935951716538386,0.9785701435584612,0.9927938118385419,0.9481893132122166,0.9802964247069169
19.275,0.9923010070888101,0.9923010070888101,0.9765592432866509,0.9918988433594268,0.9460278971658347,0.9788323692546749
19.2875,0.9907266401295903,0.9907266401295903,0.974574237349464,0.9906486450023003,0.9435747097758144,0.9773648056679866
19.3,0.9889632671340155,0.9889632671340155,0.9726404177497617,0.9891572907602438,0.9407670765298911,0.9758713549359412
19.3125,0.9870921693577205,0.9870921693577205,0.9707627191040322,0.9875245484482275,0.9375637587898016,0.9742916064289572
19.325,0.9851801147888638,0.9851801147888638,0.9689252815042012,0.9858305765382425,0.9339510531037425,0.9725349013845428
19.3375,0.9832764535426466,0.9832764535426466,0.967091065659908,0.9841310493467483,0.9299436165076407,0.9704911709454291
19.35,0.9814106442955454,0.9814106442955454,0.9652026936649617,0.9824526012904983,0.9255810419966969,0.9680433471503379
19.3625,0.9795896439429979,0.9795896439429979,0.9631860004669338,0.98078958159287,0.9209226093237586,0.9650800600916755
19.375,0.9777955874437964,0.9777955874437964,0.960957182062511,0.9791036753359099,0.9160424212649211,0.9615076861515849
19.3875,0.9759850512407392,0.9759850512407392,0.9584329514210651,0.9773275648453097,0.9110259017857891,0.957261007624131
19.4,0.9740914310108418,0.9740914310108418,0.9555414926256467,0.9753726108398634,0.9059674412791155,0.9523117351094247
19.4125,0.97203124481891,0.97203124481891,0.9522313569121603,0.973139223518411,0.9009684365380616,0.9466740965778754
19.425,0.9697137085955652,0.9697137085955655,0.9484763472045824,0.9705279529200281,0.8961350651467517,0.9404068115251834
19.4375,0.9670515517875775,0.9670515517875775,0.9442762848826858,0.9674496164599139,0.8915755232151927,0.9336111341583966
19.45,0.9639706542244181,0.9639706542244181,0.9396550618513625,0.9638336026090514,0.887396834803852,0.9264252010866278
19.4625,0.9604169008138567,0.9604169008138567,0.9346577356754843,0.9596342180776974,0.8837015583099297,0.9190154875401184
19.475,0.9563600043160542,0.9563600043160542,0.9293477984460767,0.9548352305798857,0.8805847514801037,0.9115665808318787
19.4875,0.9517950335945952,0.9517950335945952,0.923804859776996,0.9494526616889717,0.8781314647215972,0.9042706087215543
19.5,0.9467425889318907,0.9467425889318907,0.9181224070480188,0.9435356810018317,0.8764148810229341,0.8973175054683288
19.5125,0.9412481941883086,0.9412481941883086,0.9124051941962952,0.9371653835569005,0.8754950664456264,0.8908869389814918
19.525,0.9353809871060641,0.9353809871060641,0.9067660161613182,0.9304513780827723,0.8754181714240348,0.8851422777296069
19.5375,0.929231513595908,0.929231513595908,0.9013219260642706,0.9235264101154956,0.8762158427025631,0.8802265554255919
19.55,0.9229084469544746,0.9229084469544746,0.8961901842573562,0.9165395595856795,0.8779045682191766,0.8762600646445791
19.5625,0.9165342611560168,0.9165342611560168,0.8914843249051138,0.9096487654511315,0.880484678943492,0.8733390026053452
19.575,0.9102401393536387,0.9102401393536387,0.8873106922388699,0.9030134757214991,0.8839387755666781,0.8715344987067821
19.5875,0.9041605771844671,0.9041605771844671,0.8837656786025357,0.8967881023997523,0.8882294522139851,0.8708913637368566
19.6,0.8984281911520584,0.8984281911520584,0.8809337418731608,0.891116729195142,0.8932963918770509,0.8714260233158181
19.6125,0.8931691694589411,0.8931691694589411,0.8788861327427718,0.8861292457560487,0.8990532590903034,0.8731233757976022
19.625,0.8884996466499163,0.8884996466499163,0.8776801471316705,0.8819388272608315,0.9053853430308678,0.8759328177855205
19.6375,0.8845230960481919,0.8845230960481919,0.8773586435478515,0.8786404800854164,0.9121495424688282,0.8797644565593631
19.65,0.8813286587947499,0.8813286587947499,0.8779495269177782,0.8763102449598876,0.9191787731698728,0.8844874968216314
19.6625,0.8789901914053342,0.8789901914053342,0.8794648946374996,0.8750045835614761,0.9262927211527617,0.8899336041370008
19.675,0.8775657231524415,0.8775657231524415,0.8818995697957172,0.874759464693639,0.9333154837056374,0.8959080485021129
19.6875,0.8770969665953581,0.8770969665953581,0.8852288291850781,0.8755887159664341,0.9400978357569775,0.9022098490306301
19.7,0.8776085131432386,0.8776085131432386,0.8894053103965973,0.8774813455941162,0.9465384110626119,0.9086586757794184
19.7125,0.8791063728888409,0.8791063728888409,0.8943554112743998,0.880397826570204,0.9525959254390234,0.9151218549592051
19.725,0.881575605280552,0.881575605280552,0.8999760227784117,0.8842658455136859,0.9582858707002855,0.9215319019796382
19.7375,0.884976981541146,0.884976981541146,0.9061331270652637,0.888976778321889,0.9636604472108009,0.927886351348265
19.75,0.8892429880870689,0.8892429880870689,0.9126644247622756,0.8943850366939402,0.9687775731731091,0.9342279572106141
19.7625,0.8942740744344108,0.8942740744344108,0.9193882541654962,0.900313035248289,0.9736695245778376,0.9406116389713683
19.775,0.8999368242199306,0.8999368242199306,0.9261200098528397,0.9065641890683955,0.9783213566944478,0.9470698851014862
19.7875,0.9060664306176337,0.9060664306176337,0.9326946953837458,0.9129444009037804,0.9826644533095971,0.9535877267474987
19.8,0.912475961275601,0.912475961275601,0.9389906561097845,0.9192888784636498,0.9865846002649586,0.9600930874573289
19.8125,0.9189737366060188,0.9189737366060188,0.9449466497020408,0.9254870439716357,0.9899399031083855,0.9664620848258328
19.825,0.9253873523888798,0.9253873523888798,0.9505645553475401,0.9314962354244083,0.9925826646225431,0.9725347510607837
19.8375,0.9315890299764971,0.9315890299764971,0.955894418045557,0.9373372235676709,0.9943802627982443,0.9781354070338609
19.85,0.9375139414607244,0.9375139414607244,0.9610056167908894,0.9430712804048482,0.9952318686195902,0.9830927354130932
19.8625,0.9431634080056979,0.9431634080056979,0.9659538077774414,0.9487662784020957,0.9950796103281659,0.9872563590445952
19.875,0.9485896124593587,0.9485896124593587,0.9707544722645369,0.954463471367327,0.9939141028777271,0.9905086858798853
19.8875,0.9538659152304516,0.9538659152304516,0.9753701474748738,0.9601550406188721,0.9917749632966119,0.9927723695544515
19.9,0.959052826152673,0.959052826152673,0.9797125518860269,0.9657769528927621,0.9887470245811707,0.9940144289537254
19.9125,0.9641706865431822,0.9641706865431822,0.9836561193546663,0.9712158577255027,0.9849526660781106,0.9942476693883314
19.925,0.9691861320498569,0.9691861320498569,0.9870574765007402,0.9763252669890888,0.9805404371246891,0.9935290364458621
19.9375,0.9740134597435749,0.9740134597435749,0.9897757595941202,0.9809455075470241,0.9756703526414731,0.9919538487407394
19.95,0.9785274004470491,0.9785274004470491,0.9916901967754013,0.9849229499415327,0.9704969204173798,0.9896451500581037
19.9625,0.9825819140431711,0.9825819140431711,0.9927131054498213,0.98812570625532,0.9651518111877438,0.9867386060264471
19.975,0.9860300102790952,0.9860300102790952,0.9927978717957349,0.990454697092897,0.9597287445676361,0.9833648473543114
19.9875,0.9887410868795533,0.9887410868795533,0.9919423667505416,0.9918503237598679,0.9542734446909934,0.9796323379228559
20.0,0.990613965432364,0.990613965432364,0.9901885037346986,0.992295611599323,0.9487813104743592,0.9756143731311494
20.0125,0.9915852328807732,0.9915852328807732,0.9876183474382079,0.9918164640538597,0.943204505566385,0.9713434680898695
20.025,0.9916334093784561,0.9916334093784561,0.984346731498034,0.9904789111937297,0.9374681929553552,0.9668149621894698
20.0375,0.9907796868170441,0.9907796868170442,0.9805102442854977,0.9883826663385766,0.9314927611117383,0.9619991732884194
20.05,0.9890855803938327,0.9890855803938327,0.9762529369383414,0.9856504857459871,0.9252162087256384,0.9568585714675603
20.0625,0.9866472519103165,0.9866472519103165,0.9717100044729022,0.982413755745609,0.9186100719015308,0.9513645422655861
20.075,0.9835860858003677,0.9835860858003677,0.9669915864371964,0.9787959542409232,0.9116843592591427,0.945508533824855
20.0875,0.9800356047966522,0.9800356047966522,0.9621694275081881,0.9748966591452732,0.9044810406871707,0.9393047246222319
20.1,0.9761257932256617,0.9761257932256617,0.9572692941679293,0.9707793134471541,0.8970594910535368,0.9327845234988907
20.1125,0.9719669104393281,0.9719669104393281,0.9522715964402032,0.9664658138725246,0.8894790678748257,0.9259856325316285
20.125,0.967635585112061,0.967635585112061,0.9471213080357918,0.9619399203709963,0.8817834494072755,0.9189392617466381
20.1375,0.9631662114989513,0.9631662114989513,0.9417458638199669,0.9571593388294585,0.8739895427242614,0.9116586194408624
20.15,0.9585502359290615,0.9585502359290615,0.9360768142529385,0.9520735235171783,0.8660819525056486,0.9041307616615764
20.1625,0.953744538868225,0.953744538868225,0.9300690686960336,0.9466419722100647,0.858012845262484,0.8963128969192883
20.175,0.9486876991742104,0.9486876991742104,0.9237120039973681,0.9408474211865915,0.8497065507088374,0.8881335425399607
20.1875,0.9433201048883527,0.9433201048883527,0.9170296840696575,0.9347003257260156,0.8410680825655417,0.8794984376355734
20.2,0.9376020487104934,0.9376020487104934,0.9100713831876104,0.9282343100512415,0.8319946097399846,0.8703006488495069
20.2125,0.9315244151447324,0.9315244151447324,0.9028964512178178,0.9214951427809832,0.822388616778026,0.8604337435788902
20.225,0.9251093510032812,0.9251093510032812,0.8955582322508993,0.9145270602741629,0.8121711172645262,0.8498062937326871
20.2375,0.9184019322257443,0.9184019322257443,0.8880906546266043,0.9073599200494279,0.8012930269593849,0.8383555029481042
20.25,0.9114564301814614,0.9114564301814614,0.8804993971063825,0.8999995019302217,0.7897428914359691,0.8260576686594302
20.2625,0.9043214270364707,0.9043214270364707,0.8727581377934849,0.8924220944669243,0.7775497122877678,0.812933657531451
20.275,0.8970271153580447,0.8970271153580447,0.8648096277502834,0.8845737025223351,0.7647805440707147,0.7990485431066983
20.2875,0.8895766451348892,0.8895766451348892,0.8565710424474056,0.8763737701309053,0.7515335742103579,0.7845057609848214
20.3,0.8819421584109656,0.8819421584109656,0.8479429340649551,0.8677230161350389,0.7379282194806933,0.7694372009053172
20.3125,0.8740654534579191,0.8740654534579191,0.8388208945262501,0.8585146272649562,0.7240941380023944,0.7539912624084109
20.325,0.8658629140491984,0.8658629140491984,0.8291086762482094,0.848647576091302,0.7101609194384897,0.7383209351569109
20.3375,0.8572341521954644,0.8572341521954644,0.818731112827344,0.8380403246273018,0.6962497140982621,0.722573527576522
20.35,0.848073536535396,0.848073536535396,0.8076449498889333,0.8266428498067836,0.6824674177510033,0.7068829900057241
20.3625,0.8382833624792743,0.8382833624792743,0.7958458447443414,0.8144450052825039,0.6689034468631189,0.6913651016206518
20.375,0.827786976352496,0.827786976352496,0.7833704014688659,0.8014798158709397,0.6556287373486807,0.676115276033098
20.3875,0.8165399083484093,0.8165399083484093,0.7702930579487616,0.7878212842334137,0.6426964043587065,0.6612084471213778
20.4,0.804537204854515,0.804537204854515,0.7567186528972146,0.773577389293312,0.6301434732187651,0.6467004024233216
20.4125,0.7918157584594676,0.7918157584594676,0.7427722570732392,0.7588798298515521,0.6179931694905659,0.6326299749403498
20.425,0.7784513955492628,0.7784513955492628,0.7285881472219771,0.7438724715416414,0.6062573800942619,0.6190216194073209
20.4375,0.7645515144040198,0.7645515144040198,0.7142996161790611,0.7287003426334882,0.5949390254985978,0.60588803454144
20.45,0.7502448499010331,0.7502448499010331,0.7000307959488336,0.7135005294155722,0.5840341920978466,0.593232617014241
20.4625,0.7356702614608538,0.7356702614608538,0.6858910405572604,0.6983956698205017,0.5735339556608149,0.5810516315917121
20.475,0.7209662750656949,0.7209662750656949,0.6719718611285549,0.6834901420226501,0.56342588172308,0.569336052248784
20.4875,0.7062626021105954,0.7062626021105954,0.6583460314806797,0.6688686173620267,0.553695221794322,0.5580730744191134
20.5,0.6916742253884458,0.6916742253884458,0.6450683061304574,0.6545964259334652,0.5443258411652242,0.5472473245432659
20.5125,0.6772980777502207,0.6772980777502207,0.6321771743831706,0.6407211353561143,0.5353009203037546,0.5368418054764205
20.525,0.6632119509034065,0.6632119509034065,0.6196971535314219,0.6272748079918323,0.5266034715538437,0.5268386199455546
20.5375,0.6494750820730523,0.6494750820730523,0.6076412453448683,0.6142765199642388,0.518216709094488,0.517219512722011
20.55,0.636129837895855,0.636129837895855,0.5960133038687926,0.6017348532048302,0.5101243048517716,0.5079662680000225
20.5625,0.6232039881891716,0.6232039881891716,0.5848101677556621,0.5896501842836381,0.5023105574718403,0.49906099323802233
20.575,0.6107131809939109,0.6107131809939109,0.5740234892597441,0.5780166806759127,0.49476049621040025,0.4904863153809972
20.5875,0.5986633543733849,0.5986633543733849,0.5636412452875896,0.56682397554538,0.48745993697866086,0.4822255104418926
20.6,0.587052927435513,0.587052927435513,0.553648948083288,0.5560585300351444,0.4803955039066785,0.4742625831063384
20.6125,0.5758746943632923,0.5758746943632923,0.5440305898308209,0.5457047129630259,0.4735546266225085,0.4665823094015163
20.625,0.5651174008989355,0.5651174008989355,0.5347693617975473,0.53574563701493,0.46692552092563183,0.4591702525071391
20.6375,0.5547670170171588,0.5547670170171588,0.5258481886470807,0.5261637923387358,0.4604971585624127,0.4520127594094402
20.65,0.544807737853512,0.544807737853512,0.5172501151128268,0.5169415160324383,0.4542592302886703,0.44509694422722196
20.6625,0.5352227525004136,0.5352227525004136,0.5089585772437606,0.5080613315419567,0.4482021052461336,0.4384106625748927
20.675,0.525994821082452,0.525994821082452,0.5009575850776092,0.4995061867907337,0.4423167888022043,0.4319424802021376
20.6875,0.5171066975939309,0.5171066975939309,0.4932318385154626,0.4912596147389653,0.43659488035244653,0.42568163828471256
20.7,0.508541431278498,0.508541431278498,0.48576679367058717,0.48330583541673666,0.43102853209778597,0.4196180170878888
20.7125,0.5002825741051974,0.5002825741051974,0.47854869315845894,0.4756298144652258,0.42561040945747364,0.41374209922769967
20.725,0.492314316840385,0.492314316840385,0.4715645706714092,0.46821728988157646,0.42033365352009644,0.4080449333876444
20.7375,0.4846215716877644,0.4846215716877644,0.4648022376798565,0.4610547759497993,0.4151918457525093,0.40251809907147157
20.75,0.47719001560300595,0.47719001560300595,0.45825025813102827,0.4541295511814613,0.4101789750569074,0.3971536727712967
20.7625,0.47000610518601454,0.47000610518601454,0.45189791548835656,0.4474296353935606,0.40528940717679807,0.3919441957817302
20.775,0.4630570714798365,0.4630570714798365,0.44573517528063317,0.44094375973448924,0.40051785639389587,0.3868826437831542
20.7875,0.4563309009597891,0.4563309009597891,0.4397526454404049,0.4346613324604962,0.3958593594177645,0.38196239824185674
20.8,0.4498163073964942,0.4498163073964942,0.43394153604200064,0.4285724024943231,0.3913092513488481,0.37717721962006345
20.8125,0.4435026980493843,0.4435026980493843,0.4282936195497534,0.4226676222177378,0.3868631435816802,0.3725212223536118
20.825,0.4373801367027266,0.4373801367027266,0.422801192318397,0.41693821051449936,0.38251690351115425,0.3679888515297772
20.8375,0.43143930534502245,0.43143930534502245,0.4174570378196017,0.41137591675586244,0.3782666359052846,0.36357486118390536
20.85,0.42567146575896714,0.42567146575896714,0.4122543918717788,0.4059729861830652,0.37410866581140806,0.35927429412440115
20.8625,0.4200684218879126,0.4200684218879126,0.4071869100130666,0.4007221269661564,0.370039522869209,0.35508246319173203
20.875,0.4146224835553642,0.4146224835553642,0.4022486370581913,0.395616479092815,0.3660559269122136,0.350994933857415
20.8875,0.4093264318961694,0.4093264318961694,0.3974339788151469,0.39064958515175474,0.36215477474516644,0.347007508070519
20.9,0.40417348670337844,0.40417348670337844,0.3927376758909491,0.385815363011136,0.3583331279962406,0.3431162092615646
20.9125,0.3991572757866799,0.3991572757866799,0.3881547794892704,0.38110808035128213,0.35458820194851265,0.3393172684202827
20.925,0.39427180635705994,0.39427180635705994,0.38368062908623146,0.376522330981673,0.3509173552646949,0.3356071111653396
20.9375,0.3895114384042737,0.3895114384042737,0.3793108318609845,0.37205301285531556,0.34731808052559876,0.33198234573194474
20.95,0.38487085999288295,0.38487085999288295,0.37504124375812453,0.3676953076829085,0.3437879955110448,0.32843975180740886
20.9625,0.38034506438670285,0.38034506438670285,0.37086795205759365,0.36344466204625075,0.34032483515715245,0.3249762701485891
20.975,0.37592932889490766,0.37592932889490766,0.36678725933466194,0.3592967699076626,0.33692644413115874,0.3215889929224442
20.9875,0.371619195329104,0.371619195329104,0.3627956686969389,0.35524755641706696,0.33359076996974396,0.31827515471311346
21.0,0.3674104519580458,0.3674104519580458,0.35888987019189533,0.3512931629183616,0.33031585673150765,0.3150321241447014
21.0125,0.36329911685036353,0.36329911685036353,0.35506672828778757,0.34742993306587866,0.3270998391204962,0.31185739607318397
21.025,0.359281422499198,0.359281422499198,0.3513232703349687,0.3436543999621665,0.3239409370396142,0.308748584303475
21.0375,0.35535380162661867,0.35535380162661867,0.3476566759252443,0.33996327423968314,0.32083745053808,0.3057034147919964
21.05,0.3515128740733826,0.3515128740733826,0.3440642670711107,0.33635343300864495,0.317787755119871,0.3027197192986886
21.0625,0.3477554346856826,0.3477554346856826,0.34054349913491344,0.3328219096041589,0.3147902973834886,0.29979542945474286
21.075,0.3440784421159828,0.3440784421159828,0.3370919524435101,0.3293658840678124,0.3118435909654511,0.29692857121477695
21.0875,0.3404790084639109,0.3404790084639109,0.3337073245301163,0.3259826743049873,0.3089462127632456,0.2941172596655745
21.1,0.3369543896857525,0.3369543896857525,0.3303874229497965,0.3226697278650844,0.3060967994157143,0.291359694165799
21.1125,0.33350197670935994,0.33350197670935994,0.32713015862023026,0.31942461429379565,0.30329404401926174,0.2886541537918667
21.125,0.33011928719684286,0.33011928719684286,0.3239335396437806,0.3162450180141219,0.30053669306287495,0.2859989930686379
21.1375,0.32680395790112765,0.32680395790112765,0.32079566557084704,0.3131287316928293,0.2978235435638884,0.2833926379645136
21.15,0.3235537375671307,0.3235537375671307,0.3177147220681024,0.31007365005595455,0.2951534403898451,0.28083358213246873
21.1625,0.32036648033411497,0.32036648033411497,0.31468897595871587,0.3070777641179223,0.2925252737522243,0.2783203833795455
21.175,0.31724013959841935,0.31724013959841935,0.3117167706040679,0.3041391557930328,0.2899379768584772,0.2758516603493527
21.1875,0.3141727622996549,0.3141727622996549,0.30879652160038007,0.3012559928600507,0.28739052371183443,0.27342608940269947
21.2,0.3111624835963573,0.3111624835963573,0.30592671276455596,0.2984265242535088,0.28488192704734194,0.2710424016833245
21.2125,0.308207521901136,0.308207521901136,0.30310589238736746,0.2956490756571683,0.28241123639388904,0.26869938035532365
21.225,0.30530617424640605,0.30530617424640605,0.30033266973238043,0.29292204537759603,0.2799775362549887,0.2663958580026357
21.2375,0.30245681195640317,0.30245681195640317,0.29760571176303524,0.2902439004773713,0.2775799443976887,0.26413071417761874
21.25,0.29965787660075044,0.29965787660075044,0.29492374007935585,0.2876131731488943,0.2752176102419306,0.26190287308959553
21.2625,0.29690787620943043,0.29690787620943043,0.2922855280492663,0.2850284573119663,0.2728897133485212,0.2597113014276997
21.275,0.29420538172932637,0.29420538172932637,0.2896898981203855,0.28248840541899756,0.2705954619911337,0.25755500630305006
21.2875,0.29154902370282043,0.29154902370282043,0.2871357192984285,0.2799917254534937,0.26833409180892587,0.2554330333051169
21.3,0.2889374891562936,0.2889374891562936,0.28462190478050764,0.27753717810807105,0.2661048645435341,0.2533444646721312
21.3125,0.2863695186783863,0.2863695186783863,0.2821474097323897,0.2751235741297067,0.2639070668430917,0.2512884175585757
21.325,0.2838439036778848,0.2838439036778848,0.27971122919967906,0.27274977182228793,0.26174000912335216,0.24926404238875166
21.3375,0.2813594838076616,0.2813594838076616,0.2773123961422225,0.27041467469242675,0.25960302450766276,0.24727052131368782
21.35,0.2789151445420102,0.2789151445420102,0.2749499795856021,0.2681172292329144,0.2574954678285657,0.2453070667546321
21.3625,0.2765098148982502,0.2765098148982502,0.2726230828803613,0.2658564228331149,0.25541671465579585,0.2433729199983971
21.375,0.2741424652924654,0.2741424652924654,0.2703308420595977,0.26363128180536083,0.25336616038722976,0.24146734987767005
21.3875,0.2718121055178126,0.2718121055178126,0.2680724242924432,0.26144086952470336,0.2513432194275773,0.23958965155655526
21.4,0.2695177828422704,0.2695177828422704,0.26584702642750724,0.2592842846742658,0.24934732437375393,0.23773914534543764
21.4125,0.2672585802128518,0.2672585802128518,0.2636538736111473,0.2571606595812556,0.24737792519874818,0.23591517553771402
21.425,0.2650336145599507,0.2650336145599507,0.2614922179851385,0.2550691586463155,0.24543448854745464,0.23411710936974547
21.4375,0.2628420352009095,0.2628420352009095,0.25936133746602674,0.2530089768687839,0.24351649711646353,0.23234433607825675
21.45,0.2606830223310686,0.2606830223310686,0.25726053457708503,0.2509793384371017,0.24162344895009294,0.23059626589954071
21.4625,0.25855578558922754,0.25855578558922754,0.2551891353383363,0.2489794953901179,0.2397548567236708,0.22887232907482846
21.475,0.2564595627142895,0.2564595627142895,0.25314648824209796,0.24700872637481977,0.23791024723167536,0.2271719750612548
21.4875,0.25439361827443113,0.25439361827443113,0.2511319632751896,0.2450663354615932,0.23608916096304286,0.2254946718379004
21.5,0.25235724244686436,0.25235724244686436,0.2491449509542492,0.2431516509852745,0.2342911514574455,0.2238399050260885
21.5125,0.2503497498710396,0.2503497498710396,0.24718486144476629,0.2412640244769731,0.2325157845972069,0.2222071769660061
21.525,0.24837047858944122,0.24837047858944122,0.24525112376803243,0.2394028296934817,0.23076263825351973,0.22059600613165442
21.5375,0.24641878900975545,0.24641878900975545,0.24334318498488866,0.23756746163331816,0.22903130212680683,0.21900592673567104
21.55,0.24449406290075612,0.24449406290075612,0.24146050937479277,0.23575733555936768,0.22732137719569248,0.2174364879879758
21.5625,0.24259570249667836,0.24259570249667836,0.23960257776477076,0.2339718861743006,0.22563247486345145,0.21588725308968307
21.575,0.24072312966111342,0.24072312966111342,0.23776888693739487,0.23221056688063743,0.2239642165810789,0.21435779867422627
21.5875,0.23887578499858994,0.23887578499858994,0.23595894890592797,0.23047284892290248,0.2223162340552215,0.21284771479494136
21.6,0.23705312701940762,0.23705312701940762,0.2341722901739124,0.2287582205217429,0.2206881690854108,0.2113566045824332
21.6125,0.23525463148025577,0.23525463148025577,0.23240845126037382,0.22706618627175695,0.21907967253451788,0.20988408311596016
21.625,0.2334797907269708,0.2334797907269708,0.23066698632630614,0.22539626664181955,0.21749040342477244,0.20842977642248772
21.6375,0.2317281128805538,0.2317281128805538,0.22894746250620054,0.22374799720108496,0.21592002921949532,0.20699332156890687
21.65,0.2299991211131241,0.2299991211131241,0.22724945912957162,0.2221209277462296,0.21436822657306778,0.20557436718927619
21.6625,0.22829235322382854,0.22829235322382854,0.22557256737733242,0.22051462185098755,0.21283468088387286,0.2041725729227167
21.675,0.22660736118270425,0.22660736118270425,0.22391639022868995,0.21892865669919165,0.21131908460062365,0.20278760771889429
21.6875,0.2249437103272363,0.2249437103272363,0.22228054195164387,0.21736262248705626,0.20982113626154097,0.2014191488233985
21.7,0.223300978612641,0.223300978612641,0.22066464712392736,0.21581612138128553,0.2083405415397304,0.20006688260627362
21.7125,0.22167875639301654,0.22167875639301654,0.21906834012675935,0.21428876693560378,0.2068770147644846,0.19873050582896465
21.725,0.22007664631399726,0.22007664631399726,0.2174912654617516,0.21278018429845644,0.20543027837689842,0.19740972502453674
21.7375,0.21849426258824936,0.21849426258824936,0.2159330778347344,0.21129001020256594,0.20400006032911283,0.19610425400282755
21.75,0.21693122996923309,0.21693122996923309,0.21439344112561975,0.2098178918919514,0.20258609239426995,0.19481381220068927
21.7625,0.2153871834509922,0.2153871834509922,0.21287202713526468,0.2083634858428283,0.2011881116338568,0.19353812592595449
21.775,0.21386176868724438,0.21386176868724438,0.21136851563766026,0.20692645773512022,0.19980586336171985,0.19227693097207949
21.7875,0.2123546418412521,0.2123546418412521,0.2098825954541358,0.20550648340554176,0.198439101684289,0.1910299730132312
21.8,0.21086546829006325,0.21086546829006325,0.20841396454838185,0.2041032488659092,0.19708758622823602,0.18979700451779385
21.8125,0.20939392148347186,0.20939392148347186,0.20696232828666936,0.20271644857100354,0.19575107830744468,0.18857778115899165
21.825,0.2079396833342713,0.2079396833342713,0.2055273977106991,0.20134578370349027,0.19442934097248862,0.18737206178772844
21.8375,0.20650244533258674,0.20650244533258674,0.20410889005176502,0.19999096260619947,0.1931221433200656,0.1861796123025015
21.85,0.20508190825782155,0.20508190825782155,0.20270653083571535,0.19865170273489907,0.19182926444727055,0.18500020918899632
21.8625,0.20367778012542484,0.20367778012542484,0.2013200545104045,0.19732773120088853,0.1905504922418927,0.1838336383345342
21.875,0.2022897746629519,0.2022897746629519,0.19994920207225086,0.19601878244659524,0.18928561744716327,0.18267968952650424
21.8875,0.20091761229020155,0.20091761229020155,0.19859371807109052,0.19472459533284037,0.18803442873315213,0.1815381518866332
21.9,0.19956102231778997,0.19956102231778997,0.19725335062744356,0.1934449131091556,0.18679671409888532,0.1804088151053946
21.9125,0.19821974312134027,0.19821974312134027,0.19592785472721197,0.19217948651868164,0.185572267825158,0.17929147574996807
21.925,0.19689351930110147,0.19689351930110147,0.19461699487988207,0.19092807629273376,0.18436089636789516,0.17818594259352943
21.9375,0.19558209878967092,0.19558209878967092,0.19332054344715668,0.18969045150695418,0.18316241697036073,0.17709203527909906
21.95,0.19428523343001197,0.19428523343001197,0.19203827575187105,0.18846638486548362,0.18197664938283942,0.17600957668615186
21.9625,0.19300268262387446,0.19300268262387446,0.1907699671210801,0.1872556498398511,0.1808034078124807,0.17493838552447616
21.975,0.19173421569823398,0.19173421569823398,0.18951539544135923,0.1860580230791171,0.1796425006598459,0.17387827606510506
21.9875,0.19047960960543617,0.19047960960543617,0.1882743469363798,0.18487328989722837,0.178493739028085,0.1728290658922434
22.0,0.18923864375030275,0.18923864375030275,0.18704661896890698,0.18370124691435918,0.17735694708306526,0.17179058533824362
22.0125,0.18801109739203592,0.18801109739203592,0.1858320162111602,0.18254169835877973,0.1762319651427176,0.17076268025154298
22.025,0.1867967528131385,0.1867967528131385,0.1846303432469309,0.18139444896478019,0.17511864202223365,0.16974520493941667
22.0375,0.18559540132351343,0.18559540132351343,0.1834414007735105,0.1802593003198702,0.17401682210346647,0.16873801029703836
22.05,0.18440684568761756,0.18440684568761756,0.1822649896255372,0.17913605468950936,0.17292633739300747,0.16774093652387898
22.0625,0.18323089569765383,0.18323089569765383,0.18110091939835943,0.17802452323377355,0.17184701143174722,0.16675381668859524
22.075,0.18206736051383415,0.18206736051383415,0.17994901359797225,0.1769245308987271,0.17077867282853237,0.16577648909420745
22.0875,0.1809160451372435,0.1809160451372435,0.17880910584639662,0.17583591275788624,0.16972116848158253,0.16480880933799394
22.1,0.179776754953314,0.179776754953314,0.17768102964293206,0.1747585041993225,0.16867436621214116,0.163850652669418
22.1125,0.1786493046660868,0.1786493046660868,0.1765646103576645,0.17369213325687094,0.1676381439952245,0.1629019040862918
22.125,0.1775335233390758,0.1775335233390758,0.17545966683065042,0.17263662212763198,0.16661237277201954,0.1619624425761497
22.1375,0.1764292502140988,0.1764292502140988,0.17436602201060566,0.1715917973261948,0.16559690483212805,0.1610321304766301
22.15,0.17533632410695563,0.17533632410695563,0.17328351417306062,0.17055750038582249,0.16459157633609084,0.16011081578826028
22.1625,0.1742545752682218,0.1742545752682218,0.1722119991566043,0.16953358996659468,0.16359622305220406,0.15919834657453444
22.175,0.17318382710651486,0.17318382710651486,0.17115134089643885,0.16851993278022123,0.16261069928946437,0.1582945882655634
22.1875,0.17212390711560788,0.17212390711560788,0.17010139692474868,0.1675163897133969,0.1616348874526805,0.15739943236119786
22.2,0.17107465841949263,0.17107465841949263,0.16906200994981635,0.1665228077713431,0.16066869137834255,0.15651279028171503
22.2125,0.17003594223871288,0.17003594223871288,0.16803301251540498,0.16553902452903757,0.15971201689241857,0.15563457553487234
22.225,0.16900762840770472,0.16900762840770472,0.1670142420837904,0.16456488254202764,0.15876475124986472,0.15476468488454098
22.2375,0.16798958052486185,0.16798958052486185,0.1660055558862806,0.16360024352381014,0.15782675413427796,0.15390299011967196
22.25,0.16698164694615547,0.16698164694615547,0.16500683450785986,0.16264499174626382,0.1568978661844316,0.1530493458755283
22.2625,0.1659836649478285,0.1659836649478285,0.1640179708179554,0.16169902343370526,0.15597793068098748,0.1522036094915117
22.275,0.16499547580585255,0.16499547580585255,0.16303885113157893,0.16076222873810303,0.15506681616466558,0.15136566169778287
22.2875,0.16401694030050396,0.16401694030050396,0.16206934118528318,0.15983447832881548,0.15416442692289714,0.15053541617442973
22.3,0.1630479433276571,0.1630479433276571,0.1611092867227219,0.15891562395674624,0.15327069492149709,0.14971281211971013
22.3125,0.16208838357851735,0.16208838357851735,0.1601585290746889,0.15800551335137628,0.1523855570368913,0.14889779336853023
22.325,0.1611381545538126,0.1611381545538126,0.15921692627464748,0.1571040103978452,0.15150892954387632,0.14809028502189775
22.3375,0.16019712939184244,0.16019712939184244,0.15828436633994397,0.15621100781577651,0.15064069340347455,0.14729017998643593
22.35,0.1592651598832532,0.1592651598832532,0.15736076389525958,0.1553264239045374,0.1497806983498283,0.14649734274164328
22.3625,0.1583420910510938,0.1583420910510938,0.15644604144057275,0.15445018461414428,0.14892878418016525,0.14571162885265418
22.375,0.1574277826156891,0.1574277826156891,0.15554010598204276,0.15358220119277652,0.14808480888761294,0.14493291073054887
22.3875,0.15652212398602597,0.15652212398602597,0.15464283475106566,0.15272235653673222,0.14724866971380463,0.14416109688539558
22.4,0.15562503306247777,0.15562503306247777,0.15375407870384247,0.15187050854567266,0.14642030655711877,0.1433961350067656
22.4125,0.15473643883907007,0.15473643883907007,0.1528736824429566,0.15102650917734853,0.14559968572512985,0.14263799704280292
22.425,0.1538562575729502,0.1538562575729502,0.15200150988396333,0.1501902289835774,0.14478677142678376,0.14188665306458723
22.4375,0.15298437628773148,0.15298437628773148,0.1511374615590027,0.14936157363890615,0.14398149807827007,0.14114204589621762
22.45,0.1521206533975006,0.1521206533975006,0.15028147379446713,0.14854048313054574,0.1431837560145328,0.14040407804432758
22.4625,0.15126493670177166,0.15126493670177166,0.14943349965241604,0.14772691351420228,0.14239339714182006,0.13967261690379548
22.475,0.1504170892935532,0.1504170892935532,0.14859348118076512,0.14692081036729465,0.14161025832965188,0.13894751620776513
22.4875,0.14957700938284246,0.14957700938284246,0.14776132705779016,0.14612208741336724,0.14083419265427644,0.13822864465265672
22.5,0.1487446330947877,0.1487446330947877,0.1469369070416435,0.14533062122574056,0.14006509518743784,0.1375159095021523
22.5125,0.14791991825717068,0.14791991825717068,0.14612006635627608,0.14454626499709847,0.13930291229524525,0.1368092650720749
22.525,0.1471028171322901,0.1471028171322901,0.14531065343019567,0.1437688750720517,0.13854763043380514,0.1361087024302631
22.5375,0.14629325173679045,0.14629325173679045,0.1445085478981609,0.1429983377177172,0.13779924899081802,0.13541422448691384
22.55,0.14549110412992702,0.14549110412992702,0.14371367551894237,0.14223458337362255,0.13705774808090754,0.13472581647687254
22.5625,0.14469622673683308,0.14469622673683308,0.14292600277337592,0.14147758146367703,0.13632306388211307,0.13404342336796174
22.575,0.14390846815353575,0.14390846815353575,0.1421455133503508,0.14072731789134874,0.13559508088538116,0.1333669427822516
22.5875,0.14312770245126702,0.14312770245126702,0.14137217693462642,0.13998376517900926,0.1348736439606182,0.13269623608266634
22.6,0.14235384824184377,0.14235384824184377,0.14060592397741387,0.13924685834183897,0.13415858586372736,0.13203115359718404
22.6125,0.14158686846757765,0.14158686846757765,0.1398466373591698,0.1385164869249835,0.13344976017652663,0.13137156480397535
22.625,0.1408267507558704,0.1408267507558704,0.13909416461861634,0.1377925067145118,0.13274706764140587,0.13071738244352793
22.6375,0.14007347693122074,0.14007347693122074,0.1383483458715005,0.1370747664506535,0.13205046626787964,0.13006857174818517
22.65,0.13932699491797237,0.13932699491797237,0.13760904606425634,0.13636313867500466,0.13135996162511399,0.12942514152153775
22.6625,0.1385872050277533,0.1385872050277533,0.1368761783730958,0.13565754209870687,0.13067558098285093,0.12878712041905058
22.675,0.13785396646145476,0.13785396646145476,0.13614970917526056,0.13495794634003042,0.12999734046584774,0.1281545268375903
22.6875,0.1371271215354671,0.1371271215354671,0.1354296425574025,0.13426435709091458,0.12932521629881183,0.12752734256151105
22.7,0.13640652793966349,0.13640652793966349,0.13471599049645896,0.13357678758158648,0.1286591293053125,0.126905498570557
22.7125,0.13569208603435087,0.13569208603435087,0.13400874019308812,0.13289522733045375,0.12799894732907238,0.12628887728387997
22.725,0.1349837501795217,0.1349837501795217,0.13330783070376523,0.13221961979570993,0.12734450469704697,0.1256773304283627
22.7375,0.1342815195485191,0.1342815195485191,0.13261314725773368,0.13154985695085714,0.1266956327247271,0.12507070700725537
22.75,0.1335854120621966,0.1335854120621966,0.13192453522868205,0.13088579266531908,0.12605219183195146,0.12446888272651543
22.7625,0.13289543146742983,0.13289543146742983,0.1312418288882591,0.13022727021828667,0.12541409521899308,0.1238717816662302
22.775,0.13221153977117034,0.13221153977117034,0.13056488492939916,0.12957415436730818,0.12478131669310903,0.12327938342884881
22.7875,0.13153364486599053,0.13153364486599053,0.12989360901520947,0.1289263567319347,0.12415388042507117,0.12269171373501798
22.8,0.13086160760852292,0.13086160760852292,0.12922796605028425,0.12828384560465902,0.12353183622760433,0.12210882175898494
22.8125,0.13019526588305186,0.13019526588305186,0.1285679707245754,0.12764663689394856,0.12291522814964255,0.12153075134229509
22.825,0.12953446740708177,0.12953446740708177,0.12791366184624853,0.12701476956129784,0.12230406552085199,0.120957514449351
22.8375,0.12887909997856908,0.12887909997856908,0.1272650693017028,0.12638827401133718,0.12169830412554963,0.12038907391959215
22.85,0.1282291086924544,0.1282291086924544,0.12662218435928146,0.12576714368069444,0.12109784202238447,0.11982533965293604
22.8625,0.12758449426614665,0.12758449426614665,0.12598494233994323,0.12515131846626987,0.12050253074917537,0.119266178911074
22.875,0.12694529328728785,0.12694529328728785,0.1253532225701033,0.12454068469225969,0.11991219899625336,0.11871143803387726
22.8875,0.1263115472902546,0.1263115472902546,0.12472686543971741,0.1239350914437678,0.1193266827290881,0.11816097004853804
22.9,0.12568327081894975,0.12568327081894975,0.12410570154094744,0.12333437844977606,0.11874585388954874,0.11761466094406989
22.9125,0.12506042829045183,0.12506042829045183,0.12348958432261832,0.12273840731758237,0.11816963989405369,0.11707244750834418
22.925,0.12444292628867085,0.12444292628867085,0.1228784164785376,0.12214708676334983,0.11759802864812528,0.11653432189892497
22.9375,0.12383062326263296,0.12383062326263296,0.12227216209648009,0.1215603842192724,0.11703105802750666,0.11600032200261343
22.95,0.1232233537369126,0.1232233537369126,0.12167084108457463,0.12097832049404554,0.1164687932614812,0.11547051072229421
22.9625,0.12262096006621137,0.12262096006621137,0.12107450798888994,0.12040094950832962,0.1159112986737504,0.11494495008999728
22.975,0.12202332244958324,0.12202332244958324,0.12048322188790384,0.11982832949573745,0.1153586109413703,0.11442367676188152
22.9875,0.12143037826154206,0.12143037826154206,0.11989701603221335,0.1192604939585198,0.11481071973724041,0.11390668427658926
23.0,0.12084212499766785,0.12084212499766785,0.11931587512762369,0.11869742993349568,0.11426755931926773,0.11339391535549398
